#C data file for crab (wales)
#C file created using an r4ss function
#C file write time: 2026-06-11  18:02:56
#
1962 #_styr
2074 #_endyr
1 #_nseas
12 #_months_per_seas
2 #_Nsubseasons
1 #_spawn_month
2 #_Nsexes
15 #_Nages
1 #_N_areas
8 #_Nfleets
#_fleetinfo
#_type	surveytiming	area	units	need_catch_mult	fleetname
3	 1	1	1	0	Observer_inshore_u10        	#_1
1	-1	1	1	1	Pot_fisheries_historical    	#_2
1	-1	1	1	0	Pot_fisheries_u10           	#_3
1	-1	1	1	0	Pot_fisheries_10to12        	#_4
1	-1	1	1	0	Pot_fisheries_o12           	#_5
1	-1	1	1	1	Bycatch_fisheries_historical	#_6
1	-1	1	1	0	Bycatch_fisheries_gillnet   	#_7
1	-1	1	1	0	Bycatch_fisheries_trawl     	#_8
#_Catch data
#_year	season	fleet	catch	catch_se
 -999	1	2	     50	 0.5	#_1         
 1962	1	2	  5.049	 0.1	#_2         
 1963	1	2	  6.776	 0.1	#_3         
 1964	1	2	  7.227	 0.1	#_4         
 1965	1	2	  8.635	 0.1	#_5         
 1966	1	2	  8.624	 0.1	#_6         
 1967	1	2	  8.195	 0.1	#_7         
 1968	1	2	  8.745	 0.1	#_8         
 1969	1	2	  10.12	 0.1	#_9         
 1970	1	2	  7.326	 0.1	#_10        
 1971	1	2	  8.712	 0.1	#_11        
 1972	1	2	   5.61	 0.1	#_12        
 1973	1	2	  7.095	 0.1	#_13        
 1974	1	2	  8.371	 0.1	#_14        
 1975	1	2	 10.747	 0.1	#_15        
 1976	1	2	 36.685	 0.1	#_16        
 1977	1	2	 24.838	 0.1	#_17        
 1978	1	2	 16.016	 0.1	#_18        
 1979	1	2	 204.75	 0.1	#_19        
 1980	1	2	 23.892	 0.1	#_20        
 1981	1	2	 99.099	 0.1	#_21        
 1982	1	2	 47.179	 0.1	#_22        
 1983	1	2	 66.715	 0.1	#_23        
 1984	1	2	 23.364	 0.1	#_24        
 1985	1	2	  44.77	 0.1	#_25        
 1986	1	2	 42.471	 0.1	#_26        
 1987	1	2	117.557	 0.1	#_27        
 1988	1	2	151.714	 0.1	#_28        
 1989	1	2	324.809	 0.1	#_29        
 1990	1	2	350.447	 0.1	#_30        
 1991	1	2	289.435	 0.1	#_31        
 1992	1	2	389.973	 0.1	#_32        
 1993	1	2	107.844	 0.1	#_33        
 1994	1	2	 78.386	 0.1	#_34        
 1995	1	2	174.829	 0.1	#_35        
 1996	1	2	 53.525	 0.1	#_36        
 1997	1	2	422.419	 0.1	#_37        
 1998	1	2	372.245	 0.1	#_38        
 1999	1	2	305.179	 0.1	#_39        
 2000	1	2	302.597	 0.1	#_40        
 2001	1	2	330.973	 0.1	#_41        
 2002	1	2	398.439	 0.1	#_42        
 2003	1	2	328.416	 0.1	#_43        
 2004	1	2	292.465	 0.1	#_44        
 2005	1	2	286.234	 0.1	#_45        
 2006	1	3	  266.6	0.01	#_46        
 2007	1	3	 276.45	0.01	#_47        
 2008	1	3	 247.15	0.01	#_48        
 2009	1	3	 224.11	0.01	#_49        
 2010	1	3	 239.69	0.01	#_50        
 2011	1	3	    286	0.01	#_51        
 2012	1	3	 288.58	0.01	#_52        
 2013	1	3	 199.21	0.01	#_53        
 2014	1	3	  188.7	0.01	#_54        
 2015	1	3	 153.54	0.01	#_55        
 2016	1	3	 186.85	0.01	#_56        
 2017	1	3	 233.16	0.01	#_57        
 2018	1	3	  174.8	0.01	#_58        
 2019	1	3	  160.6	0.01	#_59        
 2020	1	3	 101.18	0.01	#_60        
 2021	1	3	  99.68	0.01	#_61        
 2022	1	3	  102.1	0.01	#_62        
 2023	1	3	  92.68	0.01	#_63        
 2024	1	3	  99.88	0.01	#_64        
 2025	1	3	      1	0.01	#_65        
 2026	1	3	      1	0.01	#_66        
 2027	1	3	      1	0.01	#_67        
 2028	1	3	      1	0.01	#_68        
 2029	1	3	      1	0.01	#_69        
 2030	1	3	      1	0.01	#_70        
 2031	1	3	      1	0.01	#_71        
 2032	1	3	      1	0.01	#_72        
 2033	1	3	      1	0.01	#_73        
 2034	1	3	      1	0.01	#_74        
 2035	1	3	      1	0.01	#_75        
 2036	1	3	      1	0.01	#_76        
 2037	1	3	      1	0.01	#_77        
 2038	1	3	      1	0.01	#_78        
 2039	1	3	      1	0.01	#_79        
 2040	1	3	      1	0.01	#_80        
 2041	1	3	      1	0.01	#_81        
 2042	1	3	      1	0.01	#_82        
 2043	1	3	      1	0.01	#_83        
 2044	1	3	      1	0.01	#_84        
 2045	1	3	      1	0.01	#_85        
 2046	1	3	      1	0.01	#_86        
 2047	1	3	      1	0.01	#_87        
 2048	1	3	      1	0.01	#_88        
 2049	1	3	      1	0.01	#_89        
 2050	1	3	      1	0.01	#_90        
 2051	1	3	      1	0.01	#_91        
 2052	1	3	      1	0.01	#_92        
 2053	1	3	      1	0.01	#_93        
 2054	1	3	      1	0.01	#_94        
 2055	1	3	      1	0.01	#_95        
 2056	1	3	      1	0.01	#_96        
 2057	1	3	      1	0.01	#_97        
 2058	1	3	      1	0.01	#_98        
 2059	1	3	      1	0.01	#_99        
 2060	1	3	      1	0.01	#_100       
 2061	1	3	      1	0.01	#_101       
 2062	1	3	      1	0.01	#_102       
 2063	1	3	      1	0.01	#_103       
 2064	1	3	      1	0.01	#_104       
 2065	1	3	      1	0.01	#_105       
 2066	1	3	      1	0.01	#_106       
 2067	1	3	      1	0.01	#_107       
 2068	1	3	      1	0.01	#_108       
 2069	1	3	      1	0.01	#_109       
 2070	1	3	      1	0.01	#_110       
 2071	1	3	      1	0.01	#_111       
 2072	1	3	      1	0.01	#_112       
 2073	1	3	      1	0.01	#_113       
 2074	1	3	      1	0.01	#_114       
 2006	1	4	   50.4	0.01	#_115       
 2007	1	4	  47.27	0.01	#_116       
 2008	1	4	  25.11	0.01	#_117       
 2009	1	4	 106.84	0.01	#_118       
 2010	1	4	 161.99	0.01	#_119       
 2011	1	4	    220	0.01	#_120       
 2012	1	4	 311.91	0.01	#_121       
 2013	1	4	 152.77	0.01	#_122       
 2014	1	4	 139.83	0.01	#_123       
 2015	1	4	 133.39	0.01	#_124       
 2016	1	4	 115.33	0.01	#_125       
 2017	1	4	  80.62	0.01	#_126       
 2018	1	4	  99.67	0.01	#_127       
 2019	1	4	 188.32	0.01	#_128       
 2020	1	4	 112.73	0.01	#_129       
 2021	1	4	  99.12	0.01	#_130       
 2022	1	4	  94.09	0.01	#_131       
 2023	1	4	  94.23	0.01	#_132       
 2024	1	4	  40.46	0.01	#_133       
 2025	1	4	      1	0.01	#_134       
 2026	1	4	      1	0.01	#_135       
 2027	1	4	      1	0.01	#_136       
 2028	1	4	      1	0.01	#_137       
 2029	1	4	      1	0.01	#_138       
 2030	1	4	      1	0.01	#_139       
 2031	1	4	      1	0.01	#_140       
 2032	1	4	      1	0.01	#_141       
 2033	1	4	      1	0.01	#_142       
 2034	1	4	      1	0.01	#_143       
 2035	1	4	      1	0.01	#_144       
 2036	1	4	      1	0.01	#_145       
 2037	1	4	      1	0.01	#_146       
 2038	1	4	      1	0.01	#_147       
 2039	1	4	      1	0.01	#_148       
 2040	1	4	      1	0.01	#_149       
 2041	1	4	      1	0.01	#_150       
 2042	1	4	      1	0.01	#_151       
 2043	1	4	      1	0.01	#_152       
 2044	1	4	      1	0.01	#_153       
 2045	1	4	      1	0.01	#_154       
 2046	1	4	      1	0.01	#_155       
 2047	1	4	      1	0.01	#_156       
 2048	1	4	      1	0.01	#_157       
 2049	1	4	      1	0.01	#_158       
 2050	1	4	      1	0.01	#_159       
 2051	1	4	      1	0.01	#_160       
 2052	1	4	      1	0.01	#_161       
 2053	1	4	      1	0.01	#_162       
 2054	1	4	      1	0.01	#_163       
 2055	1	4	      1	0.01	#_164       
 2056	1	4	      1	0.01	#_165       
 2057	1	4	      1	0.01	#_166       
 2058	1	4	      1	0.01	#_167       
 2059	1	4	      1	0.01	#_168       
 2060	1	4	      1	0.01	#_169       
 2061	1	4	      1	0.01	#_170       
 2062	1	4	      1	0.01	#_171       
 2063	1	4	      1	0.01	#_172       
 2064	1	4	      1	0.01	#_173       
 2065	1	4	      1	0.01	#_174       
 2066	1	4	      1	0.01	#_175       
 2067	1	4	      1	0.01	#_176       
 2068	1	4	      1	0.01	#_177       
 2069	1	4	      1	0.01	#_178       
 2070	1	4	      1	0.01	#_179       
 2071	1	4	      1	0.01	#_180       
 2072	1	4	      1	0.01	#_181       
 2073	1	4	      1	0.01	#_182       
 2074	1	4	      1	0.01	#_183       
 2006	1	5	   0.13	0.01	#_184       
 2007	1	5	   2.29	0.01	#_185       
 2008	1	5	   2.71	0.01	#_186       
 2009	1	5	 284.28	0.01	#_187       
 2010	1	5	 385.92	0.01	#_188       
 2011	1	5	   31.9	0.01	#_189       
 2012	1	5	  27.39	0.01	#_190       
 2013	1	5	   16.1	0.01	#_191       
 2014	1	5	  77.95	0.01	#_192       
 2015	1	5	 148.71	0.01	#_193       
 2016	1	5	  94.18	0.01	#_194       
 2017	1	5	 336.98	0.01	#_195       
 2018	1	5	 226.84	0.01	#_196       
 2019	1	5	  59.53	0.01	#_197       
 2020	1	5	  52.48	0.01	#_198       
 2021	1	5	  85.65	0.01	#_199       
 2022	1	5	  94.58	0.01	#_200       
 2023	1	5	 124.23	0.01	#_201       
 2024	1	5	 138.36	0.01	#_202       
 2025	1	5	      1	0.01	#_203       
 2026	1	5	      1	0.01	#_204       
 2027	1	5	      1	0.01	#_205       
 2028	1	5	      1	0.01	#_206       
 2029	1	5	      1	0.01	#_207       
 2030	1	5	      1	0.01	#_208       
 2031	1	5	      1	0.01	#_209       
 2032	1	5	      1	0.01	#_210       
 2033	1	5	      1	0.01	#_211       
 2034	1	5	      1	0.01	#_212       
 2035	1	5	      1	0.01	#_213       
 2036	1	5	      1	0.01	#_214       
 2037	1	5	      1	0.01	#_215       
 2038	1	5	      1	0.01	#_216       
 2039	1	5	      1	0.01	#_217       
 2040	1	5	      1	0.01	#_218       
 2041	1	5	      1	0.01	#_219       
 2042	1	5	      1	0.01	#_220       
 2043	1	5	      1	0.01	#_221       
 2044	1	5	      1	0.01	#_222       
 2045	1	5	      1	0.01	#_223       
 2046	1	5	      1	0.01	#_224       
 2047	1	5	      1	0.01	#_225       
 2048	1	5	      1	0.01	#_226       
 2049	1	5	      1	0.01	#_227       
 2050	1	5	      1	0.01	#_228       
 2051	1	5	      1	0.01	#_229       
 2052	1	5	      1	0.01	#_230       
 2053	1	5	      1	0.01	#_231       
 2054	1	5	      1	0.01	#_232       
 2055	1	5	      1	0.01	#_233       
 2056	1	5	      1	0.01	#_234       
 2057	1	5	      1	0.01	#_235       
 2058	1	5	      1	0.01	#_236       
 2059	1	5	      1	0.01	#_237       
 2060	1	5	      1	0.01	#_238       
 2061	1	5	      1	0.01	#_239       
 2062	1	5	      1	0.01	#_240       
 2063	1	5	      1	0.01	#_241       
 2064	1	5	      1	0.01	#_242       
 2065	1	5	      1	0.01	#_243       
 2066	1	5	      1	0.01	#_244       
 2067	1	5	      1	0.01	#_245       
 2068	1	5	      1	0.01	#_246       
 2069	1	5	      1	0.01	#_247       
 2070	1	5	      1	0.01	#_248       
 2071	1	5	      1	0.01	#_249       
 2072	1	5	      1	0.01	#_250       
 2073	1	5	      1	0.01	#_251       
 2074	1	5	      1	0.01	#_252       
 -999	1	6	     50	 0.5	#_253       
 1962	1	6	  69.39	 0.1	#_254       
 1963	1	6	  69.39	 0.1	#_255       
 1964	1	6	  69.39	 0.1	#_256       
 1965	1	6	  69.39	 0.1	#_257       
 1966	1	6	  69.39	 0.1	#_258       
 1967	1	6	  69.39	 0.1	#_259       
 1968	1	6	  69.39	 0.1	#_260       
 1969	1	6	  69.39	 0.1	#_261       
 1970	1	6	  69.39	 0.1	#_262       
 1971	1	6	  69.39	 0.1	#_263       
 1972	1	6	  69.39	 0.1	#_264       
 1973	1	6	  69.39	 0.1	#_265       
 1974	1	6	  69.39	 0.1	#_266       
 1975	1	6	  69.39	 0.1	#_267       
 1976	1	6	  69.39	 0.1	#_268       
 1977	1	6	  69.39	 0.1	#_269       
 1978	1	6	  69.39	 0.1	#_270       
 1979	1	6	  69.39	 0.1	#_271       
 1980	1	6	  69.39	 0.1	#_272       
 1981	1	6	  69.39	 0.1	#_273       
 1982	1	6	  69.39	 0.1	#_274       
 1983	1	6	  69.39	 0.1	#_275       
 1984	1	6	  69.39	 0.1	#_276       
 1985	1	6	  69.39	 0.1	#_277       
 1986	1	6	  69.39	 0.1	#_278       
 1987	1	6	  69.39	 0.1	#_279       
 1988	1	6	  69.39	 0.1	#_280       
 1989	1	6	  69.39	 0.1	#_281       
 1990	1	6	  69.39	 0.1	#_282       
 1991	1	6	  69.39	 0.1	#_283       
 1992	1	6	  69.39	 0.1	#_284       
 1993	1	6	  69.39	 0.1	#_285       
 1994	1	6	  69.39	 0.1	#_286       
 1995	1	6	  69.39	 0.1	#_287       
 1996	1	6	  69.39	 0.1	#_288       
 1997	1	6	  69.39	 0.1	#_289       
 1998	1	6	  69.39	 0.1	#_290       
 1999	1	6	  69.39	 0.1	#_291       
 2000	1	6	  69.39	 0.1	#_292       
 2001	1	6	  69.39	 0.1	#_293       
 2002	1	6	  69.39	 0.1	#_294       
 2003	1	6	  69.39	 0.1	#_295       
 2004	1	6	  69.39	 0.1	#_296       
 2005	1	6	  69.39	 0.1	#_297       
 2006	1	7	   7.91	0.01	#_298       
 2007	1	7	   8.07	0.01	#_299       
 2008	1	7	   27.6	0.01	#_300       
 2009	1	7	   21.5	0.01	#_301       
 2010	1	7	   22.6	0.01	#_302       
 2011	1	7	   19.8	0.01	#_303       
 2012	1	7	   27.3	0.01	#_304       
 2013	1	7	   28.1	0.01	#_305       
 2014	1	7	   19.7	0.01	#_306       
 2015	1	7	   5.74	0.01	#_307       
 2016	1	7	   12.7	0.01	#_308       
 2017	1	7	   7.63	0.01	#_309       
 2018	1	7	   2.75	0.01	#_310       
 2019	1	7	   5.28	0.01	#_311       
 2020	1	7	   2.52	0.01	#_312       
 2021	1	7	   4.12	0.01	#_313       
 2022	1	7	   9.82	0.01	#_314       
 2023	1	7	   6.44	0.01	#_315       
 2024	1	7	   5.57	0.01	#_316       
 2025	1	7	      1	0.01	#_317       
 2026	1	7	      1	0.01	#_318       
 2027	1	7	      1	0.01	#_319       
 2028	1	7	      1	0.01	#_320       
 2029	1	7	      1	0.01	#_321       
 2030	1	7	      1	0.01	#_322       
 2031	1	7	      1	0.01	#_323       
 2032	1	7	      1	0.01	#_324       
 2033	1	7	      1	0.01	#_325       
 2034	1	7	      1	0.01	#_326       
 2035	1	7	      1	0.01	#_327       
 2036	1	7	      1	0.01	#_328       
 2037	1	7	      1	0.01	#_329       
 2038	1	7	      1	0.01	#_330       
 2039	1	7	      1	0.01	#_331       
 2040	1	7	      1	0.01	#_332       
 2041	1	7	      1	0.01	#_333       
 2042	1	7	      1	0.01	#_334       
 2043	1	7	      1	0.01	#_335       
 2044	1	7	      1	0.01	#_336       
 2045	1	7	      1	0.01	#_337       
 2046	1	7	      1	0.01	#_338       
 2047	1	7	      1	0.01	#_339       
 2048	1	7	      1	0.01	#_340       
 2049	1	7	      1	0.01	#_341       
 2050	1	7	      1	0.01	#_342       
 2051	1	7	      1	0.01	#_343       
 2052	1	7	      1	0.01	#_344       
 2053	1	7	      1	0.01	#_345       
 2054	1	7	      1	0.01	#_346       
 2055	1	7	      1	0.01	#_347       
 2056	1	7	      1	0.01	#_348       
 2057	1	7	      1	0.01	#_349       
 2058	1	7	      1	0.01	#_350       
 2059	1	7	      1	0.01	#_351       
 2060	1	7	      1	0.01	#_352       
 2061	1	7	      1	0.01	#_353       
 2062	1	7	      1	0.01	#_354       
 2063	1	7	      1	0.01	#_355       
 2064	1	7	      1	0.01	#_356       
 2065	1	7	      1	0.01	#_357       
 2066	1	7	      1	0.01	#_358       
 2067	1	7	      1	0.01	#_359       
 2068	1	7	      1	0.01	#_360       
 2069	1	7	      1	0.01	#_361       
 2070	1	7	      1	0.01	#_362       
 2071	1	7	      1	0.01	#_363       
 2072	1	7	      1	0.01	#_364       
 2073	1	7	      1	0.01	#_365       
 2074	1	7	      1	0.01	#_366       
 2006	1	8	   42.8	0.01	#_367       
 2007	1	8	   44.9	0.01	#_368       
 2008	1	8	   47.4	0.01	#_369       
 2009	1	8	     57	0.01	#_370       
 2010	1	8	   58.6	0.01	#_371       
 2011	1	8	   59.9	0.01	#_372       
 2012	1	8	   83.5	0.01	#_373       
 2013	1	8	   65.4	0.01	#_374       
 2014	1	8	   51.2	0.01	#_375       
 2015	1	8	   50.9	0.01	#_376       
 2016	1	8	     55	0.01	#_377       
 2017	1	8	   45.7	0.01	#_378       
 2018	1	8	     33	0.01	#_379       
 2019	1	8	     24	0.01	#_380       
 2020	1	8	   27.5	0.01	#_381       
 2021	1	8	   11.5	0.01	#_382       
 2022	1	8	   2.46	0.01	#_383       
 2023	1	8	   3.68	0.01	#_384       
 2024	1	8	   6.83	0.01	#_385       
 2025	1	8	      1	0.01	#_386       
 2026	1	8	      1	0.01	#_387       
 2027	1	8	      1	0.01	#_388       
 2028	1	8	      1	0.01	#_389       
 2029	1	8	      1	0.01	#_390       
 2030	1	8	      1	0.01	#_391       
 2031	1	8	      1	0.01	#_392       
 2032	1	8	      1	0.01	#_393       
 2033	1	8	      1	0.01	#_394       
 2034	1	8	      1	0.01	#_395       
 2035	1	8	      1	0.01	#_396       
 2036	1	8	      1	0.01	#_397       
 2037	1	8	      1	0.01	#_398       
 2038	1	8	      1	0.01	#_399       
 2039	1	8	      1	0.01	#_400       
 2040	1	8	      1	0.01	#_401       
 2041	1	8	      1	0.01	#_402       
 2042	1	8	      1	0.01	#_403       
 2043	1	8	      1	0.01	#_404       
 2044	1	8	      1	0.01	#_405       
 2045	1	8	      1	0.01	#_406       
 2046	1	8	      1	0.01	#_407       
 2047	1	8	      1	0.01	#_408       
 2048	1	8	      1	0.01	#_409       
 2049	1	8	      1	0.01	#_410       
 2050	1	8	      1	0.01	#_411       
 2051	1	8	      1	0.01	#_412       
 2052	1	8	      1	0.01	#_413       
 2053	1	8	      1	0.01	#_414       
 2054	1	8	      1	0.01	#_415       
 2055	1	8	      1	0.01	#_416       
 2056	1	8	      1	0.01	#_417       
 2057	1	8	      1	0.01	#_418       
 2058	1	8	      1	0.01	#_419       
 2059	1	8	      1	0.01	#_420       
 2060	1	8	      1	0.01	#_421       
 2061	1	8	      1	0.01	#_422       
 2062	1	8	      1	0.01	#_423       
 2063	1	8	      1	0.01	#_424       
 2064	1	8	      1	0.01	#_425       
 2065	1	8	      1	0.01	#_426       
 2066	1	8	      1	0.01	#_427       
 2067	1	8	      1	0.01	#_428       
 2068	1	8	      1	0.01	#_429       
 2069	1	8	      1	0.01	#_430       
 2070	1	8	      1	0.01	#_431       
 2071	1	8	      1	0.01	#_432       
 2072	1	8	      1	0.01	#_433       
 2073	1	8	      1	0.01	#_434       
 2074	1	8	      1	0.01	#_435       
-9999	0	0	      0	   0	#_terminator
#_CPUE_and_surveyabundance_observations
#_Units:  0=numbers; 1=biomass; 2=F; >=30 for special types
#_Errtype:  -1=normal; 0=lognormal; >0=T
#_SD_Report: 0=no sdreport; 1=enable sdreport
#_fleet	units	errtype	SD_report
1	1	0	0	#_Observer_inshore_u10        
2	1	0	0	#_Pot_fisheries_historical    
3	1	0	0	#_Pot_fisheries_u10           
4	1	0	0	#_Pot_fisheries_10to12        
5	1	0	0	#_Pot_fisheries_o12           
6	1	0	0	#_Bycatch_fisheries_historical
7	1	0	0	#_Bycatch_fisheries_gillnet   
8	1	0	0	#_Bycatch_fisheries_trawl     
#
#_CPUE_data
#_year	month	index	obs	se_log
 2006	12	3	 0.019	     0.0889	#_1         
 2007	12	3	 0.018	     0.0871	#_2         
 2008	12	3	 0.025	     0.0862	#_3         
 2009	12	3	 0.176	     0.0825	#_4         
 2010	12	3	 0.183	     0.0816	#_5         
 2011	12	3	  0.21	     0.0825	#_6         
 2012	12	3	 0.214	     0.0816	#_7         
 2013	12	3	 0.224	     0.0825	#_8         
 2014	12	3	 0.201	     0.0825	#_9         
 2015	12	3	 0.182	     0.0825	#_10        
 2016	12	3	 0.193	     0.0825	#_11        
 2017	12	3	 0.146	     0.0825	#_12        
 2018	12	3	 0.154	     0.0825	#_13        
 2019	12	3	 0.147	     0.0816	#_14        
 2020	12	3	 0.106	     0.0825	#_15        
 2021	12	3	 0.114	     0.0834	#_16        
 2022	12	3	 0.118	     0.0834	#_17        
 2023	12	3	  0.11	     0.0843	#_18        
 2024	12	3	 0.144	     0.0843	#_19        
 2025	 7	3	 0.001	0.083415789	#_20        
 2026	 7	3	 0.001	0.083415789	#_21        
 2027	 7	3	 0.001	0.083415789	#_22        
 2028	 7	3	 0.001	0.083415789	#_23        
 2029	 7	3	 0.001	0.083415789	#_24        
 2030	 7	3	 0.001	0.083415789	#_25        
 2031	 7	3	 0.001	0.083415789	#_26        
 2032	 7	3	 0.001	0.083415789	#_27        
 2033	 7	3	 0.001	0.083415789	#_28        
 2034	 7	3	 0.001	0.083415789	#_29        
 2035	 7	3	 0.001	0.083415789	#_30        
 2036	 7	3	 0.001	0.083415789	#_31        
 2037	 7	3	 0.001	0.083415789	#_32        
 2038	 7	3	 0.001	0.083415789	#_33        
 2039	 7	3	 0.001	0.083415789	#_34        
 2040	 7	3	 0.001	0.083415789	#_35        
 2041	 7	3	 0.001	0.083415789	#_36        
 2042	 7	3	 0.001	0.083415789	#_37        
 2043	 7	3	 0.001	0.083415789	#_38        
 2044	 7	3	 0.001	0.083415789	#_39        
 2045	 7	3	 0.001	0.083415789	#_40        
 2046	 7	3	 0.001	0.083415789	#_41        
 2047	 7	3	 0.001	0.083415789	#_42        
 2048	 7	3	 0.001	0.083415789	#_43        
 2049	 7	3	 0.001	0.083415789	#_44        
 2050	 7	3	 0.001	0.083415789	#_45        
 2051	 7	3	 0.001	0.083415789	#_46        
 2052	 7	3	 0.001	0.083415789	#_47        
 2053	 7	3	 0.001	0.083415789	#_48        
 2054	 7	3	 0.001	0.083415789	#_49        
 2055	 7	3	 0.001	0.083415789	#_50        
 2056	 7	3	 0.001	0.083415789	#_51        
 2057	 7	3	 0.001	0.083415789	#_52        
 2058	 7	3	 0.001	0.083415789	#_53        
 2059	 7	3	 0.001	0.083415789	#_54        
 2060	 7	3	 0.001	0.083415789	#_55        
 2061	 7	3	 0.001	0.083415789	#_56        
 2062	 7	3	 0.001	0.083415789	#_57        
 2063	 7	3	 0.001	0.083415789	#_58        
 2064	 7	3	 0.001	0.083415789	#_59        
 2065	 7	3	 0.001	0.083415789	#_60        
 2066	 7	3	 0.001	0.083415789	#_61        
 2067	 7	3	 0.001	0.083415789	#_62        
 2068	 7	3	 0.001	0.083415789	#_63        
 2069	 7	3	 0.001	0.083415789	#_64        
 2070	 7	3	 0.001	0.083415789	#_65        
 2071	 7	3	 0.001	0.083415789	#_66        
 2072	 7	3	 0.001	0.083415789	#_67        
 2073	 7	3	 0.001	0.083415789	#_68        
 2074	 7	3	 0.001	0.083415789	#_69        
 2006	12	4	 0.097	     0.2585	#_70        
 2007	12	4	 0.121	     0.2577	#_71        
 2008	12	4	 0.061	     0.2577	#_72        
 2009	12	4	 0.058	     0.2523	#_73        
 2010	12	4	 0.085	     0.2515	#_74        
 2011	12	4	 0.145	     0.2515	#_75        
 2012	12	4	 0.158	     0.2515	#_76        
 2013	12	4	 0.103	     0.2515	#_77        
 2014	12	4	 0.112	     0.2515	#_78        
 2015	12	4	 0.102	     0.2523	#_79        
 2016	12	4	 0.094	     0.2523	#_80        
 2017	12	4	 0.182	     0.2531	#_81        
 2018	12	4	 0.177	     0.2523	#_82        
 2019	12	4	 0.236	     0.2515	#_83        
 2020	12	4	 0.115	     0.2523	#_84        
 2021	12	4	 0.166	     0.2531	#_85        
 2022	12	4	 0.164	     0.2539	#_86        
 2023	12	4	 0.157	     0.2539	#_87        
 2024	12	4	 0.147	     0.2562	#_88        
 2006	12	5	0.3187	       0.47	#_89        
 2007	12	5	0.3887	      0.464	#_90        
 2008	12	5	0.2816	      0.472	#_91        
 2009	12	5	0.5881	      0.476	#_92        
 2010	12	5	0.4257	      0.465	#_93        
 2011	12	5	0.3774	       0.46	#_94        
 2012	12	5	0.5724	      0.459	#_95        
 2013	12	5	1.6775	      0.458	#_96        
 2014	12	5	0.7899	      0.459	#_97        
 2015	12	5	0.5594	      0.457	#_98        
 2016	12	5	0.4016	      0.454	#_99        
 2017	12	5	0.2897	      0.453	#_100       
 2018	12	5	0.1519	      0.456	#_101       
 2019	12	5	0.2105	      0.461	#_102       
 2020	12	5	0.2314	      0.458	#_103       
 2021	12	5	0.1975	      0.468	#_104       
 2022	12	5	 0.154	      0.465	#_105       
 2023	12	5	0.1271	      0.462	#_106       
 2024	12	5	0.1036	      0.485	#_107       
 2006	12	7	 0.846	     0.2445	#_108       
 2007	12	7	 0.998	     0.2191	#_109       
 2008	12	7	 1.329	     0.1823	#_110       
 2009	12	7	 1.569	     0.1773	#_111       
 2010	12	7	 1.704	     0.1807	#_112       
 2011	12	7	 1.751	     0.1723	#_113       
 2012	12	7	  2.21	      0.179	#_114       
 2013	12	7	 1.536	     0.1714	#_115       
 2014	12	7	 1.041	     0.1672	#_116       
 2015	12	7	  1.22	     0.2046	#_117       
 2016	12	7	 1.049	     0.1947	#_118       
 2017	12	7	 0.942	     0.2103	#_119       
 2018	12	7	 0.822	     0.2335	#_120       
 2019	12	7	 0.876	     0.2601	#_121       
 2020	12	7	 0.456	     0.2919	#_122       
 2021	12	7	 0.698	     0.2882	#_123       
 2022	12	7	 0.586	     0.2531	#_124       
 2023	12	7	 0.494	     0.2437	#_125       
 2024	12	7	 0.807	     0.2708	#_126       
 2006	12	8	 0.273	     0.1007	#_127       
 2007	12	8	 0.228	     0.0971	#_128       
 2008	12	8	 0.462	     0.1007	#_129       
 2009	12	8	 0.453	     0.0998	#_130       
 2010	12	8	 0.446	     0.0989	#_131       
 2011	12	8	 0.513	     0.0971	#_132       
 2012	12	8	 0.535	     0.0953	#_133       
 2013	12	8	 0.504	     0.0962	#_134       
 2014	12	8	 0.615	     0.1035	#_135       
 2015	12	8	 0.699	     0.1026	#_136       
 2016	12	8	 0.576	     0.1007	#_137       
 2017	12	8	 0.632	     0.1026	#_138       
 2018	12	8	 0.563	     0.1142	#_139       
 2019	12	8	 0.264	      0.108	#_140       
 2020	12	8	 0.389	     0.1089	#_141       
 2021	12	8	 0.463	     0.1398	#_142       
 2022	12	8	  0.47	     0.2414	#_143       
 2023	12	8	  0.33	     0.2143	#_144       
 2024	12	8	  0.43	      1.189	#_145       
-9999	 0	0	     0	          0	#_terminator
5 #_N_discard_fleets
#_discard_units (1=same_as_catchunits(bio/num); 2=fraction; 3=numbers)
#_discard_errtype:  >0 for DF of T-dist(read CV below); 0 for normal with CV; -1 for normal with se; -2 for lognormal
#
#_discard_fleet_info
#_fleet	units	errtype
1	2	-1	#_Observer_inshore_u10    
2	2	-1	#_Pot_fisheries_historical
3	2	-1	#_Pot_fisheries_u10       
4	2	-1	#_Pot_fisheries_10to12    
5	2	-1	#_Pot_fisheries_o12       
#
#_discard_data
#_year	month	fleet	obs	stderr
 2019	 9	1	0.523	0.228	#_1         
 2020	 9	1	0.523	0.228	#_2         
 2021	12	1	0.523	0.228	#_3         
 2022	10	1	0.572	0.146	#_4         
 2023	 9	1	0.492	0.227	#_5         
 2024	 9	1	0.505	0.312	#_6         
 1962	12	2	0.523	0.228	#_7         
 1963	12	2	0.523	0.228	#_8         
 1964	12	2	0.523	0.228	#_9         
 1965	12	2	0.523	0.228	#_10        
 1966	12	2	0.523	0.228	#_11        
 1967	12	2	0.523	0.228	#_12        
 1968	12	2	0.523	0.228	#_13        
 1969	12	2	0.523	0.228	#_14        
 1970	12	2	0.523	0.228	#_15        
 1971	12	2	0.523	0.228	#_16        
 1972	12	2	0.523	0.228	#_17        
 1973	12	2	0.523	0.228	#_18        
 1974	12	2	0.523	0.228	#_19        
 1975	12	2	0.523	0.228	#_20        
 1976	12	2	0.523	0.228	#_21        
 1977	12	2	0.523	0.228	#_22        
 1978	12	2	0.523	0.228	#_23        
 1979	12	2	0.523	0.228	#_24        
 1980	12	2	0.523	0.228	#_25        
 1981	12	2	0.523	0.228	#_26        
 1982	12	2	0.523	0.228	#_27        
 1983	12	2	0.523	0.228	#_28        
 1984	12	2	0.523	0.228	#_29        
 1985	12	2	0.523	0.228	#_30        
 1986	12	2	0.523	0.228	#_31        
 1987	12	2	0.523	0.228	#_32        
 1988	12	2	0.523	0.228	#_33        
 1989	12	2	0.523	0.228	#_34        
 1990	12	2	0.523	0.228	#_35        
 1991	12	2	0.523	0.228	#_36        
 1992	12	2	0.523	0.228	#_37        
 1993	12	2	0.523	0.228	#_38        
 1994	12	2	0.523	0.228	#_39        
 1995	12	2	0.523	0.228	#_40        
 1996	12	2	0.523	0.228	#_41        
 1997	12	2	0.523	0.228	#_42        
 1998	12	2	0.523	0.228	#_43        
 1999	12	2	0.523	0.228	#_44        
 2000	12	2	0.523	0.228	#_45        
 2001	12	2	0.523	0.228	#_46        
 2002	12	2	0.523	0.228	#_47        
 2003	12	2	0.523	0.228	#_48        
 2004	12	2	0.523	0.228	#_49        
 2005	12	2	0.523	0.228	#_50        
 2006	12	3	0.523	0.228	#_51        
 2007	12	3	0.523	0.228	#_52        
 2008	12	3	0.523	0.228	#_53        
 2009	12	3	0.523	0.228	#_54        
 2010	12	3	0.523	0.228	#_55        
 2011	12	3	0.523	0.228	#_56        
 2012	12	3	0.523	0.228	#_57        
 2013	12	3	0.523	0.228	#_58        
 2014	12	3	0.523	0.228	#_59        
 2015	12	3	0.523	0.228	#_60        
 2016	12	3	0.523	0.228	#_61        
 2017	12	3	0.523	0.228	#_62        
 2018	12	3	0.523	0.228	#_63        
 2019	 9	3	0.523	0.228	#_64        
 2020	12	3	0.523	0.228	#_65        
 2025	 7	3	0.001	0.228	#_66        
 2026	 7	3	0.001	0.228	#_67        
 2027	 7	3	0.001	0.228	#_68        
 2028	 7	3	0.001	0.228	#_69        
 2029	 7	3	0.001	0.228	#_70        
 2030	 7	3	0.001	0.228	#_71        
 2031	 7	3	0.001	0.228	#_72        
 2032	 7	3	0.001	0.228	#_73        
 2033	 7	3	0.001	0.228	#_74        
 2034	 7	3	0.001	0.228	#_75        
 2035	 7	3	0.001	0.228	#_76        
 2036	 7	3	0.001	0.228	#_77        
 2037	 7	3	0.001	0.228	#_78        
 2038	 7	3	0.001	0.228	#_79        
 2039	 7	3	0.001	0.228	#_80        
 2040	 7	3	0.001	0.228	#_81        
 2041	 7	3	0.001	0.228	#_82        
 2042	 7	3	0.001	0.228	#_83        
 2043	 7	3	0.001	0.228	#_84        
 2044	 7	3	0.001	0.228	#_85        
 2045	 7	3	0.001	0.228	#_86        
 2046	 7	3	0.001	0.228	#_87        
 2047	 7	3	0.001	0.228	#_88        
 2048	 7	3	0.001	0.228	#_89        
 2049	 7	3	0.001	0.228	#_90        
 2050	 7	3	0.001	0.228	#_91        
 2051	 7	3	0.001	0.228	#_92        
 2052	 7	3	0.001	0.228	#_93        
 2053	 7	3	0.001	0.228	#_94        
 2054	 7	3	0.001	0.228	#_95        
 2055	 7	3	0.001	0.228	#_96        
 2056	 7	3	0.001	0.228	#_97        
 2057	 7	3	0.001	0.228	#_98        
 2058	 7	3	0.001	0.228	#_99        
 2059	 7	3	0.001	0.228	#_100       
 2060	 7	3	0.001	0.228	#_101       
 2061	 7	3	0.001	0.228	#_102       
 2062	 7	3	0.001	0.228	#_103       
 2063	 7	3	0.001	0.228	#_104       
 2064	 7	3	0.001	0.228	#_105       
 2065	 7	3	0.001	0.228	#_106       
 2066	 7	3	0.001	0.228	#_107       
 2067	 7	3	0.001	0.228	#_108       
 2068	 7	3	0.001	0.228	#_109       
 2069	 7	3	0.001	0.228	#_110       
 2070	 7	3	0.001	0.228	#_111       
 2071	 7	3	0.001	0.228	#_112       
 2072	 7	3	0.001	0.228	#_113       
 2073	 7	3	0.001	0.228	#_114       
 2074	 7	3	0.001	0.228	#_115       
-9999	 0	0	    0	    0	#_terminator
#
#_meanbodywt
0 #_use_meanbodywt
 #_DF_for_meanbodywt_T-distribution_like
#
#_population_length_bins
2 # length bin method: 1=use databins; 2=generate from binwidth,min,max below; 3=read vector
0.5 # binwidth for population size comp
3 # minimum size in the population (lower edge of first bin and size at age 0.00)
24 # maximum size in the population (lower edge of last bin)
1 #_use_lencomp
#
#_len_info
#_mintailcomp	addtocomp	combine_M_F	CompressBins	CompError	ParmSelect	minsamplesize
-1	1e-05	0	0	0	0	0.01	#_Observer_inshore_u10        
-1	1e-05	0	0	0	0	0.01	#_Pot_fisheries_historical    
-1	1e-05	0	0	0	0	0.01	#_Pot_fisheries_u10           
-1	1e-05	0	0	0	0	0.01	#_Pot_fisheries_10to12        
-1	1e-05	0	0	0	0	0.01	#_Pot_fisheries_o12           
-1	1e-05	0	0	0	0	0.01	#_Bycatch_fisheries_historical
-1	1e-05	0	0	0	0	0.01	#_Bycatch_fisheries_gillnet   
-1	1e-05	0	0	0	0	0.01	#_Bycatch_fisheries_trawl     
42 #_N_lbins
#_lbin_vector
3 3.5 4 4.5 5 5.5 6 6.5 7 7.5 8 8.5 9 9.5 10 10.5 11 11.5 12 12.5 13 13.5 14 14.5 15 15.5 16 16.5 17 17.5 18 18.5 19 19.5 20 20.5 21 21.5 22 22.5 23 23.5 #_lbin_vector
#
#_lencomp
#_year	month	fleet	sex	part	Nsamp	f3	f3.5	f4	f4.5	f5	f5.5	f6	f6.5	f7	f7.5	f8	f8.5	f9	f9.5	f10	f10.5	f11	f11.5	f12	f12.5	f13	f13.5	f14	f14.5	f15	f15.5	f16	f16.5	f17	f17.5	f18	f18.5	f19	f19.5	f20	f20.5	f21	f21.5	f22	f22.5	f23	f23.5	m3	m3.5	m4	m4.5	m5	m5.5	m6	m6.5	m7	m7.5	m8	m8.5	m9	m9.5	m10	m10.5	m11	m11.5	m12	m12.5	m13	m13.5	m14	m14.5	m15	m15.5	m16	m16.5	m17	m17.5	m18	m18.5	m19	m19.5	m20	m20.5	m21	m21.5	m22	m22.5	m23	m23.5
 1983	 9	2	3	2	2.332	0	0	0	0	0	0	0	0	0	          0	          0	          0	          0	          0	          0	          0	          0	          0	          0	0.004651163	0.027906977	0.037209302	0.060465116	0.065116279	0.069767442	0.069767442	0.069767442	0.060465116	0.041860465	 0.03255814	0.004651163	          0	          0	          0	          0	          0	          0	          0	          0	          0	0	0	0	0	0	          0	          0	0	          0	          0	          0	          0	          0	          0	          0	          0	          0	          0	          0	          0	          0	          0	 0.03255814	0.055813953	0.069767442	0.055813953	0.046511628	0.046511628	0.041860465	0.041860465	0.023255814	0.023255814	0.009302326	0.004651163	0.004651163	          0	          0	          0	          0	          0	       0	0	0	          0	#_1         
 1984	 8	2	3	2	2.225	0	0	0	0	0	0	0	0	0	          0	          0	          0	          0	          0	          0	          0	          0	          0	          0	          0	0.005952381	0.017857143	0.035714286	0.047619048	0.041666667	0.047619048	 0.05952381	 0.05952381	0.047619048	0.047619048	0.029761905	0.029761905	0.011904762	0.005952381	0.011904762	          0	          0	          0	          0	          0	0	0	0	0	0	          0	          0	0	          0	          0	          0	          0	          0	          0	          0	          0	          0	          0	          0	          0	          0	0.005952381	0.023809524	0.041666667	0.053571429	 0.05952381	0.029761905	0.041666667	0.053571429	 0.05952381	0.047619048	0.035714286	0.017857143	0.005952381	0.005952381	0.011904762	0.005952381	          0	          0	          0	       0	0	0	          0	#_2         
 1985	 6	2	3	2	2.057	0	0	0	0	0	0	0	0	0	          0	          0	          0	          0	          0	          0	          0	          0	          0	          0	          0	 0.00877193	0.043859649	0.052631579	0.087719298	0.070175439	0.043859649	0.052631579	 0.00877193	 0.01754386	0.026315789	          0	          0	          0	          0	          0	          0	          0	          0	          0	          0	0	0	0	0	0	          0	          0	0	          0	          0	          0	          0	          0	          0	          0	          0	          0	          0	          0	          0	          0	          0	0.026315789	0.043859649	0.052631579	0.052631579	0.078947368	0.070175439	0.078947368	0.035087719	0.061403509	0.026315789	0.035087719	 0.01754386	          0	 0.00877193	          0	          0	          0	          0	       0	0	0	          0	#_3         
 1988	 6	2	3	2	1.929	0	0	0	0	0	0	0	0	0	          0	          0	          0	          0	          0	          0	          0	          0	0.047058824	0.058823529	0.047058824	0.058823529	0.058823529	0.035294118	0.011764706	0.023529412	          0	          0	          0	          0	          0	          0	          0	          0	          0	          0	          0	          0	          0	          0	          0	0	0	0	0	0	          0	          0	0	          0	          0	          0	          0	          0	          0	          0	          0	          0	          0	          0	0.035294118	0.058823529	0.082352941	0.058823529	0.070588235	0.058823529	0.070588235	0.035294118	0.011764706	0.023529412	0.011764706	0.011764706	0.035294118	0.035294118	0.047058824	          0	0.011764706	          0	          0	          0	          0	       0	0	0	          0	#_4         
 1989	 9	2	3	2	2.771	0	0	0	0	0	0	0	0	0	          0	          0	          0	          0	          0	          0	          0	          0	          0	0.006779661	0.030508475	0.047457627	0.047457627	0.061016949	0.054237288	0.055932203	0.055932203	0.054237288	0.052542373	0.037288136	0.028813559	0.023728814	0.010169492	0.005084746	          0	          0	          0	          0	          0	          0	          0	0	0	0	0	0	          0	          0	0	          0	          0	          0	          0	          0	          0	          0	          0	          0	          0	          0	0.005084746	0.015254237	0.047457627	0.044067797	0.050847458	0.047457627	 0.03220339	0.033898305	0.027118644	0.025423729	0.023728814	0.016949153	0.022033898	0.015254237	0.011864407	0.003389831	0.005084746	          0	0.001694915	          0	          0	       0	0	0	          0	#_5         
 1990	 6	2	3	2	  2.1	0	0	0	0	0	0	0	0	0	          0	          0	          0	          0	          0	          0	          0	          0	0.007936508	0.023809524	0.047619048	 0.03968254	0.063492063	0.055555556	 0.03968254	 0.03968254	 0.03968254	 0.03968254	 0.03968254	0.031746032	0.023809524	0.007936508	          0	0.007936508	          0	          0	          0	          0	          0	          0	          0	0	0	0	0	0	          0	          0	0	          0	          0	          0	          0	          0	          0	          0	          0	          0	          0	          0	0.031746032	0.023809524	0.095238095	0.079365079	0.063492063	0.047619048	0.047619048	0.023809524	0.015873016	0.015873016	0.007936508	0.007936508	0.031746032	          0	          0	          0	          0	          0	          0	          0	          0	       0	0	0	          0	#_6         
 1991	 9	2	3	2	2.688	0	0	0	0	0	0	0	0	0	          0	          0	          0	          0	          0	          0	          0	          0	          0	          0	          0	0.004098361	0.010245902	0.041803279	 0.05942623	 0.05942623	0.057377049	0.057377049	 0.05942623	0.055327869	0.057377049	0.023770492	0.004098361	 0.00204918	          0	          0	          0	          0	          0	          0	          0	0	0	0	0	0	          0	          0	0	          0	          0	          0	          0	          0	          0	          0	          0	          0	          0	          0	          0	          0	          0	0.008196721	0.014344262	0.027868852	0.057377049	0.053278689	 0.05942623	0.047131148	0.047131148	0.049180328	0.040983607	0.047131148	0.047131148	0.006147541	 0.00204918	          0	          0	          0	          0	       0	0	0	          0	#_7         
 1992	 6	2	3	2	2.182	0	0	0	0	0	0	0	0	0	          0	          0	          0	          0	          0	          0	          0	          0	          0	          0	0.006578947	0.046052632	0.065789474	0.065789474	0.065789474	0.065789474	0.059210526	0.052631579	0.039473684	0.032894737	0.019736842	0.019736842	          0	0.006578947	          0	          0	          0	          0	          0	          0	          0	0	0	0	0	0	          0	          0	0	          0	          0	          0	          0	          0	          0	          0	          0	          0	          0	          0	          0	          0	0.006578947	0.026315789	0.039473684	0.052631579	0.059210526	0.039473684	0.052631579	0.032894737	0.019736842	0.046052632	0.026315789	0.026315789	0.013157895	0.013157895	          0	          0	          0	          0	          0	       0	0	0	          0	#_8         
 1994	11	2	3	2	3.296	0	0	0	0	0	0	0	0	0	          0	          0	          0	          0	          0	          0	          0	          0	          0	          0	          0	          0	   0.000506	          0	0.030601922	0.050986343	0.050986343	0.050986343	0.050986343	0.050986343	0.050986343	0.050986343	0.050986343	0.050986343	          0	          0	          0	          0	          0	          0	          0	0	0	0	0	0	          0	          0	0	          0	          0	          0	          0	          0	          0	          0	          0	          0	          0	          0	          0	          0	   0.000506	0.002529084	0.002529084	0.002529084	0.002529084	0.053515427	0.053515427	0.053515427	0.053009611	0.050986343	0.050986343	0.050986343	0.050986343	0.050986343	0.030601922	          0	          0	          0	          0	       0	0	0	          0	#_9         
 1998	 8	2	3	2	3.653	0	0	0	0	0	0	0	0	0	          0	          0	          0	          0	          0	          0	          0	          0	          0	          0	   0.000222	0.002513345	0.013812278	0.030827402	 0.04911032	 0.04911032	 0.04911032	0.055048932	0.054826512	0.054826512	0.054826512	0.045240214	0.029581851	 0.02455516	0.019773132	0.011298932	0.003758897	          0	          0	          0	          0	0	0	0	0	0	          0	          0	0	          0	          0	          0	          0	          0	          0	          0	          0	          0	          0	          0	          0	          0	   0.000667	0.002513345	0.015080071	 0.04430605	 0.04911032	 0.04911032	0.061098754	0.061098754	0.061098754	0.045240214	0.030827402	0.019884342	0.006272242	 0.00502669	          0	          0	          0	          0	          0	       0	0	0	          0	#_10        
 1999	 9	2	3	2	4.375	0	0	0	0	0	0	0	0	0	          0	          0	          0	          0	          0	          0	          0	          0	          0	          0	          0	0.010188425	0.018829828	0.040774776	 0.05261982	0.054655819	0.054655819	0.054655819	0.054655819	0.053812756	0.053260549	0.050689205	0.042469334	0.040087679	0.026484846	0.004076213	          0	          0	          0	          0	          0	0	0	0	0	0	          0	          0	0	          0	          0	          0	          0	          0	          0	          0	          0	          0	          0	          0	          0	          0	          0	          0	0.011992581	 0.03176664	 0.03083927	0.024798719	0.033229355	0.033229355	0.033229355	0.036108418	0.044467395	0.044467395	0.033587658	0.020848965	0.009547696	          0	          0	          0	          0	       0	0	0	          0	#_11        
 2000	 9	2	3	2	4.293	0	0	0	0	0	0	0	0	0	          0	          0	          0	          0	          0	          0	          0	          0	          0	          0	   0.000204	 0.00105011	 0.00822246	0.022878116	0.045725646	0.051231075	0.051333027	0.051011877	0.050135087	 0.04972218	0.048121527	0.042208289	0.033562726	0.032828669	 0.02987205	0.016618239	          0	          0	          0	          0	          0	0	0	0	0	0	          0	          0	0	          0	          0	          0	          0	          0	          0	          0	          0	          0	          0	          0	          0	   0.000306	   0.000561	0.002829179	0.007177448	0.041596574	0.051384004	0.052250599	0.051995718	0.051995718	0.043737575	0.037819238	 0.03616761	0.036116634	0.020895142	0.016592751	0.008079727	0.002064536	0.002064536	0.001651629	          0	       0	0	0	          0	#_12        
 2001	 8	2	3	2	 4.51	0	0	0	0	0	0	0	0	0	          0	          0	          0	          0	          0	          0	          0	          0	          0	          0	   9.26e-05	0.008828706	0.019806689	 0.03099157	0.044952599	0.049420992	0.049420992	0.049420992	0.049420992	0.043405491	0.030843344	0.030383226	0.026307013	0.020921471	0.013426798	0.007791125	0.007448353	0.007448353	0.007448353	0.007448353	0.001488435	0	0	0	0	0	          0	          0	0	          0	          0	          0	          0	          0	          0	          0	          0	          0	          0	          0	          0	          0	          0	0.001865176	  0.0163697	0.044152796	0.046496619	0.048043727	0.048043727	0.048043727	0.048318562	0.047528024	0.045094648	0.030725998	0.027063583	0.023990983	0.013374301	0.003409196	   0.000769	          0	          0	       0	0	0	          0	#_13        
 2002	 8	2	3	2	2.866	0	0	0	0	0	0	0	0	0	          0	          0	          0	          0	          0	          0	          0	          0	          0	          0	          0	0.028707483	0.057006803	0.078367347	0.083809524	0.085170068	 0.11387755	0.092380952	0.049387755	0.049387755	0.049387755	0.049387755	0.035102041	0.002721088	          0	          0	          0	          0	          0	          0	          0	0	0	0	0	0	          0	          0	0	          0	          0	          0	          0	          0	          0	          0	          0	          0	          0	          0	          0	          0	0.002721088	0.013605442	0.013605442	0.014965986	0.023129252	0.027210884	0.027210884	0.019047619	0.013605442	0.013605442	0.013605442	0.013605442	0.006802721	0.006802721	0.006802721	0.006802721	0.001360544	          0	          0	       0	0	0	          0	#_14        
 2003	 9	2	3	2	 4.99	0	0	0	0	0	0	0	0	0	          0	          0	          0	          0	          0	          0	          0	          0	          0	          0	   0.000685	0.007015569	0.017898195	0.030462553	0.049391486	0.061901594	0.064402182	0.062229137	0.054875789	0.042363635	 0.03846894	0.027711189	0.022187989	0.015659642	0.009207038	0.003964298	0.002973479	0.001771805	          0	          0	          0	0	0	0	0	0	          0	          0	0	          0	          0	          0	          0	          0	          0	          0	          0	          0	          0	          0	          0	   0.000333	0.002413585	 0.00726532	0.020055887	0.043920489	 0.05614502	0.055597408	0.049862329	  0.0458489	0.045056655	0.043005415	0.029354023	0.024593386	0.022661904	0.018404864	0.008396368	0.007718763	0.005605085	   0.000591	          0	       0	0	0	          0	#_15        
 2004	 5	2	3	2	3.679	0	0	0	0	0	0	0	0	0	          0	          0	          0	          0	          0	          0	          0	          0	          0	          0	          0	   0.000209	0.006174131	 0.02542905	0.050397656	0.052009209	0.052218501	0.047865216	0.042904981	  0.0378401	0.034282126	0.034282126	0.034282126	0.032670573	0.029447468	0.028024278	0.025512767	0.005609041	          0	          0	          0	0	0	0	0	0	          0	          0	0	          0	          0	          0	          0	          0	          0	          0	          0	          0	          0	          0	          0	          0	          0	0.001046463	0.006362495	0.028107995	0.049958141	0.053055672	0.053055672	0.053055672	0.053055672	0.053055672	0.046860611	0.034365843	0.017873587	0.006195061	0.002658016	0.002134784	          0	          0	          0	       0	0	0	          0	#_16        
 2005	 8	2	3	2	3.508	0	0	0	0	0	0	0	0	0	          0	          0	          0	          0	          0	          0	          0	          0	          0	          0	          0	0.001240695	0.005645161	0.026364764	0.041004963	0.049162531	 0.05412531	0.055676179	0.053815136	0.051023573	0.049472705	0.047301489	0.029032258	0.020533499	0.008281638	0.005490074	 0.00471464	0.001550868	0.001240695	          0	          0	0	0	0	0	0	          0	          0	0	          0	          0	          0	          0	          0	          0	          0	          0	          0	          0	          0	          0	          0	   0.000931	0.001550868	0.003722084	0.013709677	0.035235732	0.045657568	0.052884615	0.051023573	0.051023573	0.051954094	0.047084367	0.045533499	 0.04398263	0.032040943	0.017276675	    0.00031	          0	          0	          0	       0	0	0	          0	#_17        
 2006	 9	3	3	2	3.936	0	0	0	0	0	0	0	0	0	          0	          0	          0	          0	          0	          0	          0	          0	          0	          0	          0	          0	  0.0045044	0.026991663	0.045333488	0.046144048	0.046144048	0.046144048	0.046028254	0.045217693	0.044986105	0.044986105	0.044986105	0.044986105	0.022498842	0.013501621	          0	          0	          0	          0	          0	0	0	0	0	0	          0	          0	0	          0	          0	          0	          0	          0	          0	          0	          0	          0	          0	          0	          0	          0	          0	   0.000347	   0.000579	0.041072256	0.045565076	0.045912459	0.046144048	0.046144048	0.045565076	0.045565076	0.045565076	0.041072256	0.023077814	0.023077814	0.023077814	0.004735989	          0	          0	          0	       0	0	0	          0	#_18        
 2007	 7	3	3	2	2.897	0	0	0	0	0	0	0	0	0	          0	          0	          0	          0	          0	          0	          0	          0	          0	          0	          0	0.008756345	0.043654822	0.043654822	       0.05	       0.05	       0.05	       0.05	0.038959391	0.031725888	0.031725888	0.031725888	0.016497462	0.006345178	          0	          0	          0	          0	          0	          0	          0	0	0	0	0	0	          0	          0	0	          0	          0	          0	          0	          0	          0	          0	          0	          0	          0	          0	          0	          0	0.005076142	0.032614213	0.043654822	0.043654822	0.048730964	       0.05	       0.05	       0.05	       0.05	       0.05	       0.05	0.034771574	0.024619289	0.014720812	          0	          0	          0	          0	          0	       0	0	0	          0	#_19        
 2008	 9	3	3	2	3.171	0	0	0	0	0	0	0	0	0	          0	          0	          0	          0	          0	          0	          0	          0	          0	          0	0.002025658	0.006752194	0.006752194	0.009453072	0.043484132	0.044159352	0.044159352	0.044159352	0.043484132	0.040783255	0.038757596	0.037407157	0.036731938	0.032680621	0.030654963	0.030654963	0.030654963	0.012288994	          0	          0	          0	0	0	0	0	0	          0	          0	0	          0	          0	          0	          0	          0	          0	          0	          0	          0	          0	          0	          0	          0	   0.000675	0.003376097	0.003376097	0.007427414	0.038082377	0.044159352	0.044159352	0.044159352	0.044159352	0.044159352	0.044159352	0.044159352	0.044159352	0.038757596	 0.01910871	          0	          0	          0	          0	       0	0	0	          0	#_20        
 2009	 2	3	3	2	2.991	0	0	0	0	0	0	0	0	0	          0	          0	          0	          0	          0	          0	          0	          0	          0	          0	          0	          0	0.005617978	0.032890705	0.051378958	0.051378958	0.051378958	0.051378958	0.051378958	0.051378958	0.051378958	0.048314607	0.046271706	0.046271706	0.036976507	0.018488253	          0	          0	          0	          0	          0	0	0	0	0	0	          0	          0	0	          0	          0	          0	          0	          0	          0	          0	          0	          0	          0	          0	          0	          0	          0	          0	0.004596527	0.027783453	0.050357508	0.051378958	0.051378958	0.049336057	0.046271706	 0.03237998	 0.02308478	 0.02308478	 0.02308478	 0.02308478	          0	          0	          0	          0	          0	       0	0	0	          0	#_21        
 2016	 7	3	3	2	4.015	0	0	0	0	0	0	0	0	0	          0	          0	          0	          0	          0	          0	          0	          0	          0	          0	          0	          0	0.002509653	0.036370656	0.066631274	0.066669884	0.059333977	0.077779923	0.043552124	 0.07046332	0.030704633	0.039208494	0.026023166	 0.01465251	0.008204633	0.006254826	0.003793436	          0	          0	          0	          0	0	0	0	0	0	          0	          0	0	          0	          0	          0	          0	          0	          0	          0	          0	          0	          0	          0	          0	          0	          0	          0	0.005791506	0.020916988	0.040723938	0.046274131	0.044990347	0.049749035	0.025965251	0.033436293	0.041689189	0.040144788	0.035501931	0.023687259	0.014430502	0.004169884	0.008146718	0.008146718	0.004073359	       0	0	0	          0	#_22        
 2017	 7	3	3	2	3.694	0	0	0	0	0	0	0	0	0	          0	          0	          0	          0	          0	          0	          0	          0	          0	          0	          0	0.003538928	0.009868554	0.009726997	  0.0429727	0.065075834	0.071162791	0.069868554	0.095146613	0.051668352	0.077148635	0.069464105	0.053185035	0.024165824	 0.00950455	 0.00677452	          0	          0	          0	          0	          0	0	0	0	0	0	          0	          0	0	          0	          0	          0	          0	          0	          0	          0	          0	          0	          0	          0	          0	          0	0.001617796	 0.00479272	0.015085945	0.030151668	0.051122346	  0.0439636	0.055733064	 0.04364004	0.029787664	0.022831143	0.006066734	0.002932255	0.008190091	0.007178969	0.002224469	0.007583418	          0	 0.00677452	   0.000809	       0	0	0	          0	#_23        
 2018	 3	3	3	2	3.995	0	0	0	0	0	0	0	0	0	          0	          0	          0	          0	          0	          0	          0	          0	          0	          0	          0	   0.000799	0.010194175	0.034991909	0.040372168	0.067506068	 0.06256068	0.083930016	0.074221278	0.065766586	0.057453479	 0.04839199	0.035568366	 0.01726335	0.007099515	0.003276699	   0.000101	          0	          0	          0	          0	0	0	0	0	0	          0	          0	0	          0	          0	          0	          0	          0	          0	          0	          0	          0	          0	          0	          0	          0	   0.000799	0.002396845	0.017981392	0.030188107	0.058444579	0.035032362	0.047319984	0.035912217	0.031583738	0.029055421	0.015978964	0.015877832	0.019043285	0.009526699	0.009526699	0.012702265	0.003175566	0.006351133	0.006351133	       0	0	0	0.003175566	#_24        
 2019	 7	3	3	2	3.646	0	0	0	0	0	0	0	0	0	          0	          0	          0	          0	          0	          0	          0	          0	          0	          0	          0	          0	0.024745533	0.066681746	0.094729699	0.081090251	 0.10959059	0.084030762	0.072223479	0.057679258	0.025718163	0.054670889	0.016919249	0.016421624	0.018774033	          0	          0	          0	          0	          0	          0	0	0	0	0	0	          0	          0	0	          0	          0	          0	          0	          0	          0	          0	          0	          0	          0	          0	          0	          0	          0	          0	0.022370504	0.042207645	0.052499435	0.037276634	0.028183669	0.027369373	0.020312147	0.010992988	0.011716806	0.008527482	0.007351278	 0.00432029	0.003732187	          0	          0	          0	          0	       0	0	0	          0	#_25        
 2020	 9	3	3	2	2.744	0	0	0	0	0	0	0	0	0	          0	          0	          0	          0	          0	          0	          0	          0	          0	          0	          0	          0	0.007207207	0.032432432	0.084684685	0.046846847	0.061261261	0.063063063	0.052252252	 0.03963964	0.063063063	 0.01981982	 0.01981982	0.005405405	0.005405405	          0	          0	          0	          0	          0	          0	0	0	0	0	0	          0	          0	0	          0	          0	          0	          0	          0	          0	          0	          0	          0	          0	          0	          0	          0	          0	          0	0.036036036	0.052252252	0.088288288	0.088288288	 0.05045045	0.072072072	0.045045045	0.030630631	0.016216216	0.014414414	          0	          0	0.005405405	          0	          0	          0	          0	       0	0	0	          0	#_26        
 2019	 9	1	3	0	3.705	0	0	0	0	0	0	0	0	0	          0	          0	          0	          0	          0	          0	          0	          0	          0	          0	          0	0.023840537	0.024037892	0.043872114	0.050463785	 0.06496941	0.045707519	0.047503454	0.033826722	0.050148017	0.098204066	0.064574699	0.039984212	0.015966055	          0	          0	          0	          0	          0	          0	          0	0	0	0	0	0	          0	          0	0	          0	          0	          0	          0	          0	          0	          0	          0	          0	          0	          0	          0	          0	          0	          0	          0	 0.12399842	0.030274324	 0.10337478	0.033609631	0.019439511	0.044345767	0.019242155	0.013183343	 0.00473653	0.001184133	0.001184133	0.001184133	          0	          0	0.001184133	          0	       0	0	0	          0	#_27        
 2020	 2	1	3	0	3.196	0	0	0	0	0	0	0	0	0	          0	          0	          0	          0	          0	          0	          0	          0	0.002547771	          0	0.002547771	0.010254777	0.002547771	0.017834395	0.013375796	0.011528662	0.015923567	0.004458599	0.008917197	          0	0.002547771	0.004458599	0.013375796	          0	          0	          0	          0	          0	          0	          0	          0	0	0	0	0	0	          0	          0	0	          0	          0	          0	          0	          0	          0	          0	          0	          0	          0	          0	          0	          0	          0	          0	          0	 0.32267516	0.039235669	 0.28343949	0.048152866	0.039235669	 0.11770701	0.039235669	          0	          0	          0	          0	          0	          0	          0	          0	          0	       0	0	0	          0	#_28        
 2022	 5	1	3	0	3.287	0	0	0	0	0	0	0	0	0	   0.000774	0.001342282	          0	          0	   0.000103	0.001806918	0.003871967	0.004284977	0.010841507	0.017552917	0.047134744	0.043933918	0.033660299	0.012958183	0.017088281	0.011306144	   0.000207	   0.000516	0.002271554	   0.000671	          0	0.001806918	          0	          0	          0	          0	          0	          0	          0	          0	          0	0	0	0	0	0	0.003200826	0.006350026	0	0.003200826	          0	0.004543108	0.008156944	0.007021167	0.005007744	0.018843573	0.012235416	0.019824471	0.020908622	0.025967992	0.036035106	0.054155911	 0.12188952	 0.14445018	 0.10686629	  0.0694889	0.045224574	0.023593185	0.030924109	0.010067114	0.003304078	0.001755292	0.001806918	          0	          0	          0	          0	          0	          0	          0	          0	       0	0	0	          0	#_29        
 2023	 9	1	3	0	3.491	0	0	0	0	0	0	0	0	0	          0	0.002774194	          0	          0	 0.01583871	0.007709677	0.005096774	0.008290323	0.002774194	0.014064516	0.006483871	      0.019	 0.01583871	0.032129032	0.013935484	0.022193548	0.014064516	0.014096774	0.018741935	0.004935484	0.005225806	0.012322581	0.001193548	0.014516129	0.009193548	0.001645161	0.007419355	0.009580645	          0	          0	          0	0	0	0	0	0	          0	          0	0	          0	          0	          0	          0	0.005548387	   0.000484	0.010806452	0.013387097	      0.006	0.040322581	0.036903226	0.018548387	0.071645161	 0.05583871	0.063354839	0.093322581	0.052580645	0.062193548	0.069645161	0.017548387	0.027645161	0.023870968	0.006322581	0.019741935	   0.000968	0.012354839	0.005709677	0.002903226	0.002774194	          0	          0	          0	0.000484	0	0	          0	#_30        
 2024	 9	1	3	0	3.493	0	0	0	0	0	0	0	0	0	0.001543408	   0.000386	0.004823151	0.004019293	0.003279743	0.008488746	0.009485531	0.025048232	0.005819936	0.027491961	0.032765273	0.039967846	0.044726688	0.028167203	0.021157556	0.014083601	0.008778135	0.013536977	0.006720257	0.004630225	0.005176849	0.004565916	0.004533762	0.005144695	          0	          0	          0	          0	          0	          0	          0	0	0	0	0	0	          0	          0	0	          0	 0.00244373	   0.000965	   0.000386	0.007073955	0.003054662	0.004115756	0.012636656	0.016270096	0.012765273	0.011414791	0.018360129	0.037909968	 0.06562701	0.088810289	0.085755627	0.094083601	0.063376206	0.048874598	0.047459807	0.023440514	0.011350482	0.007009646	0.007942122	0.001221865	0.001318328	0.001318328	          0	          0	          0	          0	          0	       0	0	0	          0	#_31        
 2019	 9	1	3	2	3.656	0	0	0	0	0	0	0	0	0	          0	          0	          0	          0	          0	          0	          0	          0	          0	          0	          0	          0	          0	0.060971302	0.060309051	0.075055188	 0.07214128	0.048697572	0.017571744	0.074790287	 0.13746137	0.096467991	 0.04209713	0.028498896	          0	          0	          0	          0	          0	          0	          0	0	0	0	0	0	          0	          0	0	          0	          0	          0	          0	          0	          0	          0	          0	          0	          0	          0	          0	          0	          0	          0	          0	0.081545254	0.027064018	0.065275938	0.028013245	0.014944812	0.029205298	0.014724062	0.014746137	0.005298013	0.001324503	0.001324503	0.001324503	          0	          0	0.001324503	          0	       0	0	0	          0	#_32        
 2022	10	1	3	2	2.581	0	0	0	0	0	0	0	0	0	          0	          0	          0	          0	          0	          0	          0	          0	          0	          0	          0	          0	          0	0.065879265	0.082677165	0.048293963	0.001049869	          0	0.008923885	          0	          0	          0	          0	          0	          0	          0	          0	          0	          0	          0	          0	0	0	0	0	0	          0	          0	0	          0	          0	          0	          0	          0	          0	          0	          0	          0	          0	          0	          0	          0	          0	          0	          0	 0.32572178	 0.20262467	 0.10787402	 0.10498688	0.042519685	          0	0.008923885	          0	          0	          0	          0	          0	          0	          0	          0	          0	       0	0	0	          0	#_33        
 2023	 9	1	3	2	2.549	0	0	0	0	0	0	0	0	0	          0	          0	          0	          0	0.024011299	          0	          0	          0	          0	          0	          0	          0	0.025423729	 0.15677966	0.024576271	0.030225989	0.006214689	0.024011299	0.024011299	          0	          0	          0	          0	          0	          0	          0	          0	          0	          0	          0	          0	0	0	0	0	0	          0	          0	0	          0	          0	          0	          0	          0	          0	          0	          0	          0	          0	          0	          0	          0	          0	          0	0.029378531	 0.13107345	 0.24293785	 0.15367232	0.025141243	          0	0.074858757	          0	          0	          0	          0	          0	0.025423729	          0	          0	          0	          0	       0	0	0	          0	#_34        
 2024	 9	1	3	2	3.154	0	0	0	0	0	0	0	0	0	          0	          0	          0	          0	          0	          0	          0	          0	          0	          0	          0	          0	0.036210526	0.070385965	 0.04554386	0.028701754	0.021263158	0.009894737	0.004210526	0.009824561	0.007298246	0.004210526	0.004070175	0.008280702	          0	          0	          0	          0	          0	          0	          0	0	0	0	0	0	          0	          0	0	          0	          0	          0	          0	0.004070175	          0	          0	          0	          0	          0	0.004070175	          0	0.004070175	0.008280702	0.015298246	0.086315789	 0.18877193	 0.13185965	 0.10259649	0.091578947	0.048280702	 0.02477193	 0.01445614	0.017333333	0.005263158	0.002877193	          0	          0	          0	          0	          0	          0	       0	0	0	          0	#_35        
 2019	 9	1	3	1	2.975	0	0	0	0	0	0	0	0	0	          0	          0	          0	          0	          0	          0	          0	          0	          0	          0	          0	0.085365854	0.095015907	0.056415695	0.060869565	0.074973489	0.028207847	0.042311771	 0.11293743	0.065005302	 0.15970308	 0.11208908	0.093531283	0.014103924	          0	          0	          0	          0	          0	          0	          0	0	0	0	0	0	          0	          0	0	          0	          0	          0	          0	          0	          0	          0	          0	          0	          0	          0	          0	          0	          0	          0	          0	          0	          0	          0	          0	          0	          0	          0	          0	          0	          0	          0	          0	          0	          0	          0	          0	       0	0	0	          0	#_36        
 2022	10	1	3	1	2.974	0	0	0	0	0	0	0	0	0	          0	          0	          0	          0	          0	   0.000955	0.006581741	          0	0.007324841	0.007324841	0.068577495	0.067303609	0.054989384	          0	          0	          0	          0	          0	          0	          0	          0	          0	          0	          0	          0	          0	          0	          0	          0	          0	          0	0	0	0	0	0	0.006581741	0.013057325	0	0.006581741	          0	0.006581741	0.013057325	0.013057325	0.006581741	0.020382166	0.010191083	0.018683652	0.005626327	 0.01581741	0.014861996	0.046921444	 0.17675159	 0.23673036	  0.1685775	          0	          0	          0	          0	          0	          0	          0	          0	          0	          0	          0	          0	          0	          0	          0	          0	       0	0	0	          0	#_37        
 2023	 9	1	3	1	2.491	0	0	0	0	0	0	0	0	0	          0	          0	          0	          0	0.004516129	          0	          0	          0	          0	0.014193548	0.037096774	0.037096774	0.045806452	0.041612903	0.006774194	0.006774194	0.079032258	0.006774194	          0	          0	          0	0.027419355	0.007096774	          0	0.059354839	0.006774194	          0	          0	          0	          0	          0	0	0	0	0	0	          0	          0	0	          0	          0	          0	          0	          0	          0	0.004516129	          0	0.004516129	0.031935484	          0	          0	       0.13	0.089032258	 0.16870968	 0.16903226	          0	0.013870968	          0	          0	          0	0.006774194	          0	          0	          0	          0	          0	          0	          0	          0	          0	          0	       0	0	0	          0	#_38        
 2024	 9	1	3	1	3.242	0	0	0	0	0	0	0	0	0	0.002752294	   0.000688	0.008600917	0.007167431	0.005848624	0.015137615	0.016915138	0.044667431	 0.01037844	0.049025229	0.058428899	0.071272936	 0.05940367	0.008658257	0.002350917	0.002866972	   0.000688	0.021788991	0.008600917	0.002580275	0.003325688	0.004701835	0.004701835	0.002350917	          0	          0	          0	          0	          0	          0	          0	0	0	0	0	0	          0	          0	0	          0	0.004357798	0.001720183	   0.000688	0.009231651	0.005447248	 0.00733945	0.022534404	0.029013761	0.022419725	0.017029817	0.032740826	0.063876147	 0.10991972	 0.14581422	0.079529817	0.012442661	0.004931193	0.003325688	0.009805046	0.002350917	          0	   0.000688	          0	          0	          0	0.002350917	          0	          0	          0	          0	          0	       0	0	0	          0	#_39        
 2025	 7	1	3	0	    5	1	1	1	1	1	1	1	1	1	          1	          1	          1	          1	          1	          1	          1	          1	          1	          1	          1	          1	          1	          1	          1	          1	          1	          1	          1	          1	          1	          1	          1	          1	          1	          1	          1	          1	          1	          1	          1	1	1	1	1	1	          1	          1	1	          1	          1	          1	          1	          1	          1	          1	          1	          1	          1	          1	          1	          1	          1	          1	          1	          1	          1	          1	          1	          1	          1	          1	          1	          1	          1	          1	          1	          1	          1	          1	          1	       1	1	1	          1	#_40        
 2026	 7	1	3	0	    5	1	1	1	1	1	1	1	1	1	          1	          1	          1	          1	          1	          1	          1	          1	          1	          1	          1	          1	          1	          1	          1	          1	          1	          1	          1	          1	          1	          1	          1	          1	          1	          1	          1	          1	          1	          1	          1	1	1	1	1	1	          1	          1	1	          1	          1	          1	          1	          1	          1	          1	          1	          1	          1	          1	          1	          1	          1	          1	          1	          1	          1	          1	          1	          1	          1	          1	          1	          1	          1	          1	          1	          1	          1	          1	          1	       1	1	1	          1	#_41        
 2027	 7	1	3	0	    5	1	1	1	1	1	1	1	1	1	          1	          1	          1	          1	          1	          1	          1	          1	          1	          1	          1	          1	          1	          1	          1	          1	          1	          1	          1	          1	          1	          1	          1	          1	          1	          1	          1	          1	          1	          1	          1	1	1	1	1	1	          1	          1	1	          1	          1	          1	          1	          1	          1	          1	          1	          1	          1	          1	          1	          1	          1	          1	          1	          1	          1	          1	          1	          1	          1	          1	          1	          1	          1	          1	          1	          1	          1	          1	          1	       1	1	1	          1	#_42        
 2028	 7	1	3	0	    5	1	1	1	1	1	1	1	1	1	          1	          1	          1	          1	          1	          1	          1	          1	          1	          1	          1	          1	          1	          1	          1	          1	          1	          1	          1	          1	          1	          1	          1	          1	          1	          1	          1	          1	          1	          1	          1	1	1	1	1	1	          1	          1	1	          1	          1	          1	          1	          1	          1	          1	          1	          1	          1	          1	          1	          1	          1	          1	          1	          1	          1	          1	          1	          1	          1	          1	          1	          1	          1	          1	          1	          1	          1	          1	          1	       1	1	1	          1	#_43        
 2029	 7	1	3	0	    5	1	1	1	1	1	1	1	1	1	          1	          1	          1	          1	          1	          1	          1	          1	          1	          1	          1	          1	          1	          1	          1	          1	          1	          1	          1	          1	          1	          1	          1	          1	          1	          1	          1	          1	          1	          1	          1	1	1	1	1	1	          1	          1	1	          1	          1	          1	          1	          1	          1	          1	          1	          1	          1	          1	          1	          1	          1	          1	          1	          1	          1	          1	          1	          1	          1	          1	          1	          1	          1	          1	          1	          1	          1	          1	          1	       1	1	1	          1	#_44        
 2030	 7	1	3	0	    5	1	1	1	1	1	1	1	1	1	          1	          1	          1	          1	          1	          1	          1	          1	          1	          1	          1	          1	          1	          1	          1	          1	          1	          1	          1	          1	          1	          1	          1	          1	          1	          1	          1	          1	          1	          1	          1	1	1	1	1	1	          1	          1	1	          1	          1	          1	          1	          1	          1	          1	          1	          1	          1	          1	          1	          1	          1	          1	          1	          1	          1	          1	          1	          1	          1	          1	          1	          1	          1	          1	          1	          1	          1	          1	          1	       1	1	1	          1	#_45        
 2031	 7	1	3	0	    5	1	1	1	1	1	1	1	1	1	          1	          1	          1	          1	          1	          1	          1	          1	          1	          1	          1	          1	          1	          1	          1	          1	          1	          1	          1	          1	          1	          1	          1	          1	          1	          1	          1	          1	          1	          1	          1	1	1	1	1	1	          1	          1	1	          1	          1	          1	          1	          1	          1	          1	          1	          1	          1	          1	          1	          1	          1	          1	          1	          1	          1	          1	          1	          1	          1	          1	          1	          1	          1	          1	          1	          1	          1	          1	          1	       1	1	1	          1	#_46        
 2032	 7	1	3	0	    5	1	1	1	1	1	1	1	1	1	          1	          1	          1	          1	          1	          1	          1	          1	          1	          1	          1	          1	          1	          1	          1	          1	          1	          1	          1	          1	          1	          1	          1	          1	          1	          1	          1	          1	          1	          1	          1	1	1	1	1	1	          1	          1	1	          1	          1	          1	          1	          1	          1	          1	          1	          1	          1	          1	          1	          1	          1	          1	          1	          1	          1	          1	          1	          1	          1	          1	          1	          1	          1	          1	          1	          1	          1	          1	          1	       1	1	1	          1	#_47        
 2033	 7	1	3	0	    5	1	1	1	1	1	1	1	1	1	          1	          1	          1	          1	          1	          1	          1	          1	          1	          1	          1	          1	          1	          1	          1	          1	          1	          1	          1	          1	          1	          1	          1	          1	          1	          1	          1	          1	          1	          1	          1	1	1	1	1	1	          1	          1	1	          1	          1	          1	          1	          1	          1	          1	          1	          1	          1	          1	          1	          1	          1	          1	          1	          1	          1	          1	          1	          1	          1	          1	          1	          1	          1	          1	          1	          1	          1	          1	          1	       1	1	1	          1	#_48        
 2034	 7	1	3	0	    5	1	1	1	1	1	1	1	1	1	          1	          1	          1	          1	          1	          1	          1	          1	          1	          1	          1	          1	          1	          1	          1	          1	          1	          1	          1	          1	          1	          1	          1	          1	          1	          1	          1	          1	          1	          1	          1	1	1	1	1	1	          1	          1	1	          1	          1	          1	          1	          1	          1	          1	          1	          1	          1	          1	          1	          1	          1	          1	          1	          1	          1	          1	          1	          1	          1	          1	          1	          1	          1	          1	          1	          1	          1	          1	          1	       1	1	1	          1	#_49        
 2035	 7	1	3	0	    5	1	1	1	1	1	1	1	1	1	          1	          1	          1	          1	          1	          1	          1	          1	          1	          1	          1	          1	          1	          1	          1	          1	          1	          1	          1	          1	          1	          1	          1	          1	          1	          1	          1	          1	          1	          1	          1	1	1	1	1	1	          1	          1	1	          1	          1	          1	          1	          1	          1	          1	          1	          1	          1	          1	          1	          1	          1	          1	          1	          1	          1	          1	          1	          1	          1	          1	          1	          1	          1	          1	          1	          1	          1	          1	          1	       1	1	1	          1	#_50        
 2036	 7	1	3	0	    5	1	1	1	1	1	1	1	1	1	          1	          1	          1	          1	          1	          1	          1	          1	          1	          1	          1	          1	          1	          1	          1	          1	          1	          1	          1	          1	          1	          1	          1	          1	          1	          1	          1	          1	          1	          1	          1	1	1	1	1	1	          1	          1	1	          1	          1	          1	          1	          1	          1	          1	          1	          1	          1	          1	          1	          1	          1	          1	          1	          1	          1	          1	          1	          1	          1	          1	          1	          1	          1	          1	          1	          1	          1	          1	          1	       1	1	1	          1	#_51        
 2037	 7	1	3	0	    5	1	1	1	1	1	1	1	1	1	          1	          1	          1	          1	          1	          1	          1	          1	          1	          1	          1	          1	          1	          1	          1	          1	          1	          1	          1	          1	          1	          1	          1	          1	          1	          1	          1	          1	          1	          1	          1	1	1	1	1	1	          1	          1	1	          1	          1	          1	          1	          1	          1	          1	          1	          1	          1	          1	          1	          1	          1	          1	          1	          1	          1	          1	          1	          1	          1	          1	          1	          1	          1	          1	          1	          1	          1	          1	          1	       1	1	1	          1	#_52        
 2038	 7	1	3	0	    5	1	1	1	1	1	1	1	1	1	          1	          1	          1	          1	          1	          1	          1	          1	          1	          1	          1	          1	          1	          1	          1	          1	          1	          1	          1	          1	          1	          1	          1	          1	          1	          1	          1	          1	          1	          1	          1	1	1	1	1	1	          1	          1	1	          1	          1	          1	          1	          1	          1	          1	          1	          1	          1	          1	          1	          1	          1	          1	          1	          1	          1	          1	          1	          1	          1	          1	          1	          1	          1	          1	          1	          1	          1	          1	          1	       1	1	1	          1	#_53        
 2039	 7	1	3	0	    5	1	1	1	1	1	1	1	1	1	          1	          1	          1	          1	          1	          1	          1	          1	          1	          1	          1	          1	          1	          1	          1	          1	          1	          1	          1	          1	          1	          1	          1	          1	          1	          1	          1	          1	          1	          1	          1	1	1	1	1	1	          1	          1	1	          1	          1	          1	          1	          1	          1	          1	          1	          1	          1	          1	          1	          1	          1	          1	          1	          1	          1	          1	          1	          1	          1	          1	          1	          1	          1	          1	          1	          1	          1	          1	          1	       1	1	1	          1	#_54        
 2040	 7	1	3	0	    5	1	1	1	1	1	1	1	1	1	          1	          1	          1	          1	          1	          1	          1	          1	          1	          1	          1	          1	          1	          1	          1	          1	          1	          1	          1	          1	          1	          1	          1	          1	          1	          1	          1	          1	          1	          1	          1	1	1	1	1	1	          1	          1	1	          1	          1	          1	          1	          1	          1	          1	          1	          1	          1	          1	          1	          1	          1	          1	          1	          1	          1	          1	          1	          1	          1	          1	          1	          1	          1	          1	          1	          1	          1	          1	          1	       1	1	1	          1	#_55        
 2041	 7	1	3	0	    5	1	1	1	1	1	1	1	1	1	          1	          1	          1	          1	          1	          1	          1	          1	          1	          1	          1	          1	          1	          1	          1	          1	          1	          1	          1	          1	          1	          1	          1	          1	          1	          1	          1	          1	          1	          1	          1	1	1	1	1	1	          1	          1	1	          1	          1	          1	          1	          1	          1	          1	          1	          1	          1	          1	          1	          1	          1	          1	          1	          1	          1	          1	          1	          1	          1	          1	          1	          1	          1	          1	          1	          1	          1	          1	          1	       1	1	1	          1	#_56        
 2042	 7	1	3	0	    5	1	1	1	1	1	1	1	1	1	          1	          1	          1	          1	          1	          1	          1	          1	          1	          1	          1	          1	          1	          1	          1	          1	          1	          1	          1	          1	          1	          1	          1	          1	          1	          1	          1	          1	          1	          1	          1	1	1	1	1	1	          1	          1	1	          1	          1	          1	          1	          1	          1	          1	          1	          1	          1	          1	          1	          1	          1	          1	          1	          1	          1	          1	          1	          1	          1	          1	          1	          1	          1	          1	          1	          1	          1	          1	          1	       1	1	1	          1	#_57        
 2043	 7	1	3	0	    5	1	1	1	1	1	1	1	1	1	          1	          1	          1	          1	          1	          1	          1	          1	          1	          1	          1	          1	          1	          1	          1	          1	          1	          1	          1	          1	          1	          1	          1	          1	          1	          1	          1	          1	          1	          1	          1	1	1	1	1	1	          1	          1	1	          1	          1	          1	          1	          1	          1	          1	          1	          1	          1	          1	          1	          1	          1	          1	          1	          1	          1	          1	          1	          1	          1	          1	          1	          1	          1	          1	          1	          1	          1	          1	          1	       1	1	1	          1	#_58        
 2044	 7	1	3	0	    5	1	1	1	1	1	1	1	1	1	          1	          1	          1	          1	          1	          1	          1	          1	          1	          1	          1	          1	          1	          1	          1	          1	          1	          1	          1	          1	          1	          1	          1	          1	          1	          1	          1	          1	          1	          1	          1	1	1	1	1	1	          1	          1	1	          1	          1	          1	          1	          1	          1	          1	          1	          1	          1	          1	          1	          1	          1	          1	          1	          1	          1	          1	          1	          1	          1	          1	          1	          1	          1	          1	          1	          1	          1	          1	          1	       1	1	1	          1	#_59        
 2045	 7	1	3	0	    5	1	1	1	1	1	1	1	1	1	          1	          1	          1	          1	          1	          1	          1	          1	          1	          1	          1	          1	          1	          1	          1	          1	          1	          1	          1	          1	          1	          1	          1	          1	          1	          1	          1	          1	          1	          1	          1	1	1	1	1	1	          1	          1	1	          1	          1	          1	          1	          1	          1	          1	          1	          1	          1	          1	          1	          1	          1	          1	          1	          1	          1	          1	          1	          1	          1	          1	          1	          1	          1	          1	          1	          1	          1	          1	          1	       1	1	1	          1	#_60        
 2046	 7	1	3	0	    5	1	1	1	1	1	1	1	1	1	          1	          1	          1	          1	          1	          1	          1	          1	          1	          1	          1	          1	          1	          1	          1	          1	          1	          1	          1	          1	          1	          1	          1	          1	          1	          1	          1	          1	          1	          1	          1	1	1	1	1	1	          1	          1	1	          1	          1	          1	          1	          1	          1	          1	          1	          1	          1	          1	          1	          1	          1	          1	          1	          1	          1	          1	          1	          1	          1	          1	          1	          1	          1	          1	          1	          1	          1	          1	          1	       1	1	1	          1	#_61        
 2047	 7	1	3	0	    5	1	1	1	1	1	1	1	1	1	          1	          1	          1	          1	          1	          1	          1	          1	          1	          1	          1	          1	          1	          1	          1	          1	          1	          1	          1	          1	          1	          1	          1	          1	          1	          1	          1	          1	          1	          1	          1	1	1	1	1	1	          1	          1	1	          1	          1	          1	          1	          1	          1	          1	          1	          1	          1	          1	          1	          1	          1	          1	          1	          1	          1	          1	          1	          1	          1	          1	          1	          1	          1	          1	          1	          1	          1	          1	          1	       1	1	1	          1	#_62        
 2048	 7	1	3	0	    5	1	1	1	1	1	1	1	1	1	          1	          1	          1	          1	          1	          1	          1	          1	          1	          1	          1	          1	          1	          1	          1	          1	          1	          1	          1	          1	          1	          1	          1	          1	          1	          1	          1	          1	          1	          1	          1	1	1	1	1	1	          1	          1	1	          1	          1	          1	          1	          1	          1	          1	          1	          1	          1	          1	          1	          1	          1	          1	          1	          1	          1	          1	          1	          1	          1	          1	          1	          1	          1	          1	          1	          1	          1	          1	          1	       1	1	1	          1	#_63        
 2049	 7	1	3	0	    5	1	1	1	1	1	1	1	1	1	          1	          1	          1	          1	          1	          1	          1	          1	          1	          1	          1	          1	          1	          1	          1	          1	          1	          1	          1	          1	          1	          1	          1	          1	          1	          1	          1	          1	          1	          1	          1	1	1	1	1	1	          1	          1	1	          1	          1	          1	          1	          1	          1	          1	          1	          1	          1	          1	          1	          1	          1	          1	          1	          1	          1	          1	          1	          1	          1	          1	          1	          1	          1	          1	          1	          1	          1	          1	          1	       1	1	1	          1	#_64        
 2050	 7	1	3	0	    5	1	1	1	1	1	1	1	1	1	          1	          1	          1	          1	          1	          1	          1	          1	          1	          1	          1	          1	          1	          1	          1	          1	          1	          1	          1	          1	          1	          1	          1	          1	          1	          1	          1	          1	          1	          1	          1	1	1	1	1	1	          1	          1	1	          1	          1	          1	          1	          1	          1	          1	          1	          1	          1	          1	          1	          1	          1	          1	          1	          1	          1	          1	          1	          1	          1	          1	          1	          1	          1	          1	          1	          1	          1	          1	          1	       1	1	1	          1	#_65        
 2051	 7	1	3	0	    5	1	1	1	1	1	1	1	1	1	          1	          1	          1	          1	          1	          1	          1	          1	          1	          1	          1	          1	          1	          1	          1	          1	          1	          1	          1	          1	          1	          1	          1	          1	          1	          1	          1	          1	          1	          1	          1	1	1	1	1	1	          1	          1	1	          1	          1	          1	          1	          1	          1	          1	          1	          1	          1	          1	          1	          1	          1	          1	          1	          1	          1	          1	          1	          1	          1	          1	          1	          1	          1	          1	          1	          1	          1	          1	          1	       1	1	1	          1	#_66        
 2052	 7	1	3	0	    5	1	1	1	1	1	1	1	1	1	          1	          1	          1	          1	          1	          1	          1	          1	          1	          1	          1	          1	          1	          1	          1	          1	          1	          1	          1	          1	          1	          1	          1	          1	          1	          1	          1	          1	          1	          1	          1	1	1	1	1	1	          1	          1	1	          1	          1	          1	          1	          1	          1	          1	          1	          1	          1	          1	          1	          1	          1	          1	          1	          1	          1	          1	          1	          1	          1	          1	          1	          1	          1	          1	          1	          1	          1	          1	          1	       1	1	1	          1	#_67        
 2053	 7	1	3	0	    5	1	1	1	1	1	1	1	1	1	          1	          1	          1	          1	          1	          1	          1	          1	          1	          1	          1	          1	          1	          1	          1	          1	          1	          1	          1	          1	          1	          1	          1	          1	          1	          1	          1	          1	          1	          1	          1	1	1	1	1	1	          1	          1	1	          1	          1	          1	          1	          1	          1	          1	          1	          1	          1	          1	          1	          1	          1	          1	          1	          1	          1	          1	          1	          1	          1	          1	          1	          1	          1	          1	          1	          1	          1	          1	          1	       1	1	1	          1	#_68        
 2054	 7	1	3	0	    5	1	1	1	1	1	1	1	1	1	          1	          1	          1	          1	          1	          1	          1	          1	          1	          1	          1	          1	          1	          1	          1	          1	          1	          1	          1	          1	          1	          1	          1	          1	          1	          1	          1	          1	          1	          1	          1	1	1	1	1	1	          1	          1	1	          1	          1	          1	          1	          1	          1	          1	          1	          1	          1	          1	          1	          1	          1	          1	          1	          1	          1	          1	          1	          1	          1	          1	          1	          1	          1	          1	          1	          1	          1	          1	          1	       1	1	1	          1	#_69        
 2055	 7	1	3	0	    5	1	1	1	1	1	1	1	1	1	          1	          1	          1	          1	          1	          1	          1	          1	          1	          1	          1	          1	          1	          1	          1	          1	          1	          1	          1	          1	          1	          1	          1	          1	          1	          1	          1	          1	          1	          1	          1	1	1	1	1	1	          1	          1	1	          1	          1	          1	          1	          1	          1	          1	          1	          1	          1	          1	          1	          1	          1	          1	          1	          1	          1	          1	          1	          1	          1	          1	          1	          1	          1	          1	          1	          1	          1	          1	          1	       1	1	1	          1	#_70        
 2056	 7	1	3	0	    5	1	1	1	1	1	1	1	1	1	          1	          1	          1	          1	          1	          1	          1	          1	          1	          1	          1	          1	          1	          1	          1	          1	          1	          1	          1	          1	          1	          1	          1	          1	          1	          1	          1	          1	          1	          1	          1	1	1	1	1	1	          1	          1	1	          1	          1	          1	          1	          1	          1	          1	          1	          1	          1	          1	          1	          1	          1	          1	          1	          1	          1	          1	          1	          1	          1	          1	          1	          1	          1	          1	          1	          1	          1	          1	          1	       1	1	1	          1	#_71        
 2057	 7	1	3	0	    5	1	1	1	1	1	1	1	1	1	          1	          1	          1	          1	          1	          1	          1	          1	          1	          1	          1	          1	          1	          1	          1	          1	          1	          1	          1	          1	          1	          1	          1	          1	          1	          1	          1	          1	          1	          1	          1	1	1	1	1	1	          1	          1	1	          1	          1	          1	          1	          1	          1	          1	          1	          1	          1	          1	          1	          1	          1	          1	          1	          1	          1	          1	          1	          1	          1	          1	          1	          1	          1	          1	          1	          1	          1	          1	          1	       1	1	1	          1	#_72        
 2058	 7	1	3	0	    5	1	1	1	1	1	1	1	1	1	          1	          1	          1	          1	          1	          1	          1	          1	          1	          1	          1	          1	          1	          1	          1	          1	          1	          1	          1	          1	          1	          1	          1	          1	          1	          1	          1	          1	          1	          1	          1	1	1	1	1	1	          1	          1	1	          1	          1	          1	          1	          1	          1	          1	          1	          1	          1	          1	          1	          1	          1	          1	          1	          1	          1	          1	          1	          1	          1	          1	          1	          1	          1	          1	          1	          1	          1	          1	          1	       1	1	1	          1	#_73        
 2059	 7	1	3	0	    5	1	1	1	1	1	1	1	1	1	          1	          1	          1	          1	          1	          1	          1	          1	          1	          1	          1	          1	          1	          1	          1	          1	          1	          1	          1	          1	          1	          1	          1	          1	          1	          1	          1	          1	          1	          1	          1	1	1	1	1	1	          1	          1	1	          1	          1	          1	          1	          1	          1	          1	          1	          1	          1	          1	          1	          1	          1	          1	          1	          1	          1	          1	          1	          1	          1	          1	          1	          1	          1	          1	          1	          1	          1	          1	          1	       1	1	1	          1	#_74        
 2060	 7	1	3	0	    5	1	1	1	1	1	1	1	1	1	          1	          1	          1	          1	          1	          1	          1	          1	          1	          1	          1	          1	          1	          1	          1	          1	          1	          1	          1	          1	          1	          1	          1	          1	          1	          1	          1	          1	          1	          1	          1	1	1	1	1	1	          1	          1	1	          1	          1	          1	          1	          1	          1	          1	          1	          1	          1	          1	          1	          1	          1	          1	          1	          1	          1	          1	          1	          1	          1	          1	          1	          1	          1	          1	          1	          1	          1	          1	          1	       1	1	1	          1	#_75        
 2061	 7	1	3	0	    5	1	1	1	1	1	1	1	1	1	          1	          1	          1	          1	          1	          1	          1	          1	          1	          1	          1	          1	          1	          1	          1	          1	          1	          1	          1	          1	          1	          1	          1	          1	          1	          1	          1	          1	          1	          1	          1	1	1	1	1	1	          1	          1	1	          1	          1	          1	          1	          1	          1	          1	          1	          1	          1	          1	          1	          1	          1	          1	          1	          1	          1	          1	          1	          1	          1	          1	          1	          1	          1	          1	          1	          1	          1	          1	          1	       1	1	1	          1	#_76        
 2062	 7	1	3	0	    5	1	1	1	1	1	1	1	1	1	          1	          1	          1	          1	          1	          1	          1	          1	          1	          1	          1	          1	          1	          1	          1	          1	          1	          1	          1	          1	          1	          1	          1	          1	          1	          1	          1	          1	          1	          1	          1	1	1	1	1	1	          1	          1	1	          1	          1	          1	          1	          1	          1	          1	          1	          1	          1	          1	          1	          1	          1	          1	          1	          1	          1	          1	          1	          1	          1	          1	          1	          1	          1	          1	          1	          1	          1	          1	          1	       1	1	1	          1	#_77        
 2063	 7	1	3	0	    5	1	1	1	1	1	1	1	1	1	          1	          1	          1	          1	          1	          1	          1	          1	          1	          1	          1	          1	          1	          1	          1	          1	          1	          1	          1	          1	          1	          1	          1	          1	          1	          1	          1	          1	          1	          1	          1	1	1	1	1	1	          1	          1	1	          1	          1	          1	          1	          1	          1	          1	          1	          1	          1	          1	          1	          1	          1	          1	          1	          1	          1	          1	          1	          1	          1	          1	          1	          1	          1	          1	          1	          1	          1	          1	          1	       1	1	1	          1	#_78        
 2064	 7	1	3	0	    5	1	1	1	1	1	1	1	1	1	          1	          1	          1	          1	          1	          1	          1	          1	          1	          1	          1	          1	          1	          1	          1	          1	          1	          1	          1	          1	          1	          1	          1	          1	          1	          1	          1	          1	          1	          1	          1	1	1	1	1	1	          1	          1	1	          1	          1	          1	          1	          1	          1	          1	          1	          1	          1	          1	          1	          1	          1	          1	          1	          1	          1	          1	          1	          1	          1	          1	          1	          1	          1	          1	          1	          1	          1	          1	          1	       1	1	1	          1	#_79        
 2065	 7	1	3	0	    5	1	1	1	1	1	1	1	1	1	          1	          1	          1	          1	          1	          1	          1	          1	          1	          1	          1	          1	          1	          1	          1	          1	          1	          1	          1	          1	          1	          1	          1	          1	          1	          1	          1	          1	          1	          1	          1	1	1	1	1	1	          1	          1	1	          1	          1	          1	          1	          1	          1	          1	          1	          1	          1	          1	          1	          1	          1	          1	          1	          1	          1	          1	          1	          1	          1	          1	          1	          1	          1	          1	          1	          1	          1	          1	          1	       1	1	1	          1	#_80        
 2066	 7	1	3	0	    5	1	1	1	1	1	1	1	1	1	          1	          1	          1	          1	          1	          1	          1	          1	          1	          1	          1	          1	          1	          1	          1	          1	          1	          1	          1	          1	          1	          1	          1	          1	          1	          1	          1	          1	          1	          1	          1	1	1	1	1	1	          1	          1	1	          1	          1	          1	          1	          1	          1	          1	          1	          1	          1	          1	          1	          1	          1	          1	          1	          1	          1	          1	          1	          1	          1	          1	          1	          1	          1	          1	          1	          1	          1	          1	          1	       1	1	1	          1	#_81        
 2067	 7	1	3	0	    5	1	1	1	1	1	1	1	1	1	          1	          1	          1	          1	          1	          1	          1	          1	          1	          1	          1	          1	          1	          1	          1	          1	          1	          1	          1	          1	          1	          1	          1	          1	          1	          1	          1	          1	          1	          1	          1	1	1	1	1	1	          1	          1	1	          1	          1	          1	          1	          1	          1	          1	          1	          1	          1	          1	          1	          1	          1	          1	          1	          1	          1	          1	          1	          1	          1	          1	          1	          1	          1	          1	          1	          1	          1	          1	          1	       1	1	1	          1	#_82        
 2068	 7	1	3	0	    5	1	1	1	1	1	1	1	1	1	          1	          1	          1	          1	          1	          1	          1	          1	          1	          1	          1	          1	          1	          1	          1	          1	          1	          1	          1	          1	          1	          1	          1	          1	          1	          1	          1	          1	          1	          1	          1	1	1	1	1	1	          1	          1	1	          1	          1	          1	          1	          1	          1	          1	          1	          1	          1	          1	          1	          1	          1	          1	          1	          1	          1	          1	          1	          1	          1	          1	          1	          1	          1	          1	          1	          1	          1	          1	          1	       1	1	1	          1	#_83        
 2069	 7	1	3	0	    5	1	1	1	1	1	1	1	1	1	          1	          1	          1	          1	          1	          1	          1	          1	          1	          1	          1	          1	          1	          1	          1	          1	          1	          1	          1	          1	          1	          1	          1	          1	          1	          1	          1	          1	          1	          1	          1	1	1	1	1	1	          1	          1	1	          1	          1	          1	          1	          1	          1	          1	          1	          1	          1	          1	          1	          1	          1	          1	          1	          1	          1	          1	          1	          1	          1	          1	          1	          1	          1	          1	          1	          1	          1	          1	          1	       1	1	1	          1	#_84        
 2070	 7	1	3	0	    5	1	1	1	1	1	1	1	1	1	          1	          1	          1	          1	          1	          1	          1	          1	          1	          1	          1	          1	          1	          1	          1	          1	          1	          1	          1	          1	          1	          1	          1	          1	          1	          1	          1	          1	          1	          1	          1	1	1	1	1	1	          1	          1	1	          1	          1	          1	          1	          1	          1	          1	          1	          1	          1	          1	          1	          1	          1	          1	          1	          1	          1	          1	          1	          1	          1	          1	          1	          1	          1	          1	          1	          1	          1	          1	          1	       1	1	1	          1	#_85        
 2071	 7	1	3	0	    5	1	1	1	1	1	1	1	1	1	          1	          1	          1	          1	          1	          1	          1	          1	          1	          1	          1	          1	          1	          1	          1	          1	          1	          1	          1	          1	          1	          1	          1	          1	          1	          1	          1	          1	          1	          1	          1	1	1	1	1	1	          1	          1	1	          1	          1	          1	          1	          1	          1	          1	          1	          1	          1	          1	          1	          1	          1	          1	          1	          1	          1	          1	          1	          1	          1	          1	          1	          1	          1	          1	          1	          1	          1	          1	          1	       1	1	1	          1	#_86        
 2072	 7	1	3	0	    5	1	1	1	1	1	1	1	1	1	          1	          1	          1	          1	          1	          1	          1	          1	          1	          1	          1	          1	          1	          1	          1	          1	          1	          1	          1	          1	          1	          1	          1	          1	          1	          1	          1	          1	          1	          1	          1	1	1	1	1	1	          1	          1	1	          1	          1	          1	          1	          1	          1	          1	          1	          1	          1	          1	          1	          1	          1	          1	          1	          1	          1	          1	          1	          1	          1	          1	          1	          1	          1	          1	          1	          1	          1	          1	          1	       1	1	1	          1	#_87        
 2073	 7	1	3	0	    5	1	1	1	1	1	1	1	1	1	          1	          1	          1	          1	          1	          1	          1	          1	          1	          1	          1	          1	          1	          1	          1	          1	          1	          1	          1	          1	          1	          1	          1	          1	          1	          1	          1	          1	          1	          1	          1	1	1	1	1	1	          1	          1	1	          1	          1	          1	          1	          1	          1	          1	          1	          1	          1	          1	          1	          1	          1	          1	          1	          1	          1	          1	          1	          1	          1	          1	          1	          1	          1	          1	          1	          1	          1	          1	          1	       1	1	1	          1	#_88        
 2074	 7	1	3	0	    5	1	1	1	1	1	1	1	1	1	          1	          1	          1	          1	          1	          1	          1	          1	          1	          1	          1	          1	          1	          1	          1	          1	          1	          1	          1	          1	          1	          1	          1	          1	          1	          1	          1	          1	          1	          1	          1	1	1	1	1	1	          1	          1	1	          1	          1	          1	          1	          1	          1	          1	          1	          1	          1	          1	          1	          1	          1	          1	          1	          1	          1	          1	          1	          1	          1	          1	          1	          1	          1	          1	          1	          1	          1	          1	          1	       1	1	1	          1	#_89        
-9999	 0	0	0	0	    0	0	0	0	0	0	0	0	0	0	          0	          0	          0	          0	          0	          0	          0	          0	          0	          0	          0	          0	          0	          0	          0	          0	          0	          0	          0	          0	          0	          0	          0	          0	          0	          0	          0	          0	          0	          0	          0	0	0	0	0	0	          0	          0	0	          0	          0	          0	          0	          0	          0	          0	          0	          0	          0	          0	          0	          0	          0	          0	          0	          0	          0	          0	          0	          0	          0	          0	          0	          0	          0	          0	          0	          0	          0	          0	          0	       0	0	0	          0	#_terminator
0 #_N_agebins
#
#_MeanSize_at_Age_obs
0 #_use_MeanSize_at_Age_obs
0 #_N_environ_variables
0 #_N_sizefreq_methods
0 #_do_tags
0 #_morphcomp_data
0 #_use_selectivity_priors
#
999
